location,city,country,utc,local,parameter,value,unit,latitude,longitude,attribution
DEBY053,Bayern,DE,2020-02-18T01:00:00.000Z,2020-02-18T02:00:00+01:00,pm25,2.81,µg/m³,49.44591,11.088444,"[{""name"":""EEA"",""url"":""http://www.eea.europa.eu/themes/air/air-quality""}]"
DEBY053,Bayern,DE,2020-02-18T01:00:00.000Z,2020-02-18T02:00:00+01:00,no2,8.1,µg/m³,49.44591,11.088444,"[{""name"":""EEA"",""url"":""http://www.eea.europa.eu/themes/air/air-quality""}]"
DEBY053,Bayern,DE,2020-02-18T00:00:00.000Z,2020-02-18T01:00:00+01:00,pm25,3.44,µg/m³,49.44591,11.088444,"[{""name"":""EEA"",""url"":""http://www.eea.europa.eu/themes/air/air-quality""}]"
DEBY053,Bayern,DE,2020-02-18T00:00:00.000Z,2020-02-18T01:00:00+01:00,no2,11.15,µg/m³,49.44591,11.088444,"[{""name"":""EEA"",""url"":""http://www.eea.europa.eu/themes/air/air-quality""}]"
DEBY053,Bayern,DE,2020-02-17T01:00:00.000Z,2020-02-17T02:00:00+01:00,no2,13.25,µg/m³,49.44591,11.088444,"[{""name"":""EEA"",""url"":""http://www.eea.europa.eu/themes/air/air-quality""}]"
DEBY053,Bayern,DE,2020-02-17T01:00:00.000Z,2020-02-17T02:00:00+01:00,pm25,4.92,µg/m³,49.44591,11.088444,"[{""name"":""EEA"",""url"":""http://www.eea.europa.eu/themes/air/air-quality""}]"
DEBY053,Bayern,DE,2020-02-17T00:00:00.000Z,2020-02-17T01:00:00+01:00,no2,14.05,µg/m³,49.44591,11.088444,"[{""name"":""EEA"",""url"":""http://www.eea.europa.eu/themes/air/air-quality""}]"
DEBY053,Bayern,DE,2020-02-17T00:00:00.000Z,2020-02-17T01:00:00+01:00,pm25,5.05,µg/m³,49.44591,11.088444,"[{""name"":""EEA"",""url"":""http://www.eea.europa.eu/themes/air/air-quality""}]"
DEBY053,Bayern,DE,2020-02-16T01:00:00.000Z,2020-02-16T02:00:00+01:00,no2,26.43,µg/m³,49.44591,11.088444,"[{""name"":""EEA"",""url"":""http://www.eea.europa.eu/themes/air/air-quality""}]"
DEBY053,Bayern,DE,2020-02-16T01:00:00.000Z,2020-02-16T02:00:00+01:00,pm25,7.36,µg/m³,49.44591,11.088444,"[{""name"":""EEA"",""url"":""http://www.eea.europa.eu/themes/air/air-quality""}]"
DEBY053,Bayern,DE,2020-02-16T00:00:00.000Z,2020-02-16T01:00:00+01:00,pm25,7.21,µg/m³,49.44591,11.088444,"[{""name"":""EEA"",""url"":""http://www.eea.europa.eu/themes/air/air-quality""}]"
DEBY053,Bayern,DE,2020-02-16T00:00:00.000Z,2020-02-16T01:00:00+01:00,no2,27.81,µg/m³,49.44591,11.088444,"[{""name"":""EEA"",""url"":""http://www.eea.europa.eu/themes/air/air-quality""}]"
DEBY053,Bayern,DE,2020-02-15T01:00:00.000Z,2020-02-15T02:00:00+01:00,no2,44.43,µg/m³,49.44591,11.088444,"[{""name"":""EEA"",""url"":""http://www.eea.europa.eu/themes/air/air-quality""}]"
DEBY053,Bayern,DE,2020-02-15T01:00:00.000Z,2020-02-15T02:00:00+01:00,pm25,15.34,µg/m³,49.44591,11.088444,"[{""name"":""EEA"",""url"":""http://www.eea.europa.eu/themes/air/air-quality""}]"
DEBY053,Bayern,DE,2020-02-15T00:00:00.000Z,2020-02-15T01:00:00+01:00,no2,43.35,µg/m³,49.44591,11.088444,"[{""name"":""EEA"",""url"":""http://www.eea.europa.eu/themes/air/air-quality""}]"
DEBY053,Bayern,DE,2020-02-15T00:00:00.000Z,2020-02-15T01:00:00+01:00,pm25,15.12,µg/m³,49.44591,11.088444,"[{""name"":""EEA"",""url"":""http://www.eea.europa.eu/themes/air/air-quality""}]"
DEBY053,Bayern,DE,2020-02-14T01:00:00.000Z,2020-02-14T02:00:00+01:00,no2,13.27,µg/m³,49.44591,11.088444,"[{""name"":""EEA"",""url"":""http://www.eea.europa.eu/themes/air/air-quality""}]"
DEBY053,Bayern,DE,2020-02-14T01:00:00.000Z,2020-02-14T02:00:00+01:00,pm25,4.05,µg/m³,49.44591,11.088444,"[{""name"":""EEA"",""url"":""http://www.eea.europa.eu/themes/air/air-quality""}]"
DEBY053,Bayern,DE,2020-02-14T00:00:00.000Z,2020-02-14T01:00:00+01:00,pm25,3.62,µg/m³,49.44591,11.088444,"[{""name"":""EEA"",""url"":""http://www.eea.europa.eu/themes/air/air-quality""}]"
DEBY053,Bayern,DE,2020-02-14T00:00:00.000Z,2020-02-14T01:00:00+01:00,no2,13.57,µg/m³,49.44591,11.088444,"[{""name"":""EEA"",""url"":""http://www.eea.europa.eu/themes/air/air-quality""}]"
DEBY053,Bayern,DE,2020-02-13T01:00:00.000Z,2020-02-13T02:00:00+01:00,pm25,8.99,µg/m³,49.44591,11.088444,"[{""name"":""EEA"",""url"":""http://www.eea.europa.eu/themes/air/air-quality""}]"
DEBY053,Bayern,DE,2020-02-13T01:00:00.000Z,2020-02-13T02:00:00+01:00,no2,29.32,µg/m³,49.44591,11.088444,"[{""name"":""EEA"",""url"":""http://www.eea.europa.eu/themes/air/air-quality""}]"
DEBY053,Bayern,DE,2020-02-13T00:00:00.000Z,2020-02-13T01:00:00+01:00,no2,19.32,µg/m³,49.44591,11.088444,"[{""name"":""EEA"",""url"":""http://www.eea.europa.eu/themes/air/air-quality""}]"
DEBY053,Bayern,DE,2020-02-13T00:00:00.000Z,2020-02-13T01:00:00+01:00,pm25,5.56,µg/m³,49.44591,11.088444,"[{""name"":""EEA"",""url"":""http://www.eea.europa.eu/themes/air/air-quality""}]"
DEBY053,Bayern,DE,2020-02-12T01:00:00.000Z,2020-02-12T02:00:00+01:00,pm25,2.28,µg/m³,49.44591,11.088444,"[{""name"":""EEA"",""url"":""http://www.eea.europa.eu/themes/air/air-quality""}]"
DEBY053,Bayern,DE,2020-02-12T01:00:00.000Z,2020-02-12T02:00:00+01:00,no2,20.87,µg/m³,49.44591,11.088444,"[{""name"":""EEA"",""url"":""http://www.eea.europa.eu/themes/air/air-quality""}]"
DEBY053,Bayern,DE,2020-02-12T00:00:00.000Z,2020-02-12T01:00:00+01:00,pm25,1.85,µg/m³,49.44591,11.088444,"[{""name"":""EEA"",""url"":""http://www.eea.europa.eu/themes/air/air-quality""}]"
DEBY053,Bayern,DE,2020-02-12T00:00:00.000Z,2020-02-12T01:00:00+01:00,no2,15.15,µg/m³,49.44591,11.088444,"[{""name"":""EEA"",""url"":""http://www.eea.europa.eu/themes/air/air-quality""}]"
DEBY053,Bayern,DE,2020-02-11T01:00:00.000Z,2020-02-11T02:00:00+01:00,pm25,0.68,µg/m³,49.44591,11.088444,"[{""name"":""EEA"",""url"":""http://www.eea.europa.eu/themes/air/air-quality""}]"
DEBY053,Bayern,DE,2020-02-11T01:00:00.000Z,2020-02-11T02:00:00+01:00,no2,8.23,µg/m³,49.44591,11.088444,"[{""name"":""EEA"",""url"":""http://www.eea.europa.eu/themes/air/air-quality""}]"
DEBY053,Bayern,DE,2020-02-11T00:00:00.000Z,2020-02-11T01:00:00+01:00,no2,8.59,µg/m³,49.44591,11.088444,"[{""name"":""EEA"",""url"":""http://www.eea.europa.eu/themes/air/air-quality""}]"
DEBY053,Bayern,DE,2020-02-11T00:00:00.000Z,2020-02-11T01:00:00+01:00,pm25,1.36,µg/m³,49.44591,11.088444,"[{""name"":""EEA"",""url"":""http://www.eea.europa.eu/themes/air/air-quality""}]"
DEBY053,Bayern,DE,2020-02-10T01:00:00.000Z,2020-02-10T02:00:00+01:00,no2,7.18,µg/m³,49.44591,11.088444,"[{""name"":""EEA"",""url"":""http://www.eea.europa.eu/themes/air/air-quality""}]"
DEBY053,Bayern,DE,2020-02-10T01:00:00.000Z,2020-02-10T02:00:00+01:00,pm25,1.62,µg/m³,49.44591,11.088444,"[{""name"":""EEA"",""url"":""http://www.eea.europa.eu/themes/air/air-quality""}]"
DEBY053,Bayern,DE,2020-02-10T00:00:00.000Z,2020-02-10T01:00:00+01:00,pm25,1.56,µg/m³,49.44591,11.088444,"[{""name"":""EEA"",""url"":""http://www.eea.europa.eu/themes/air/air-quality""}]"
DEBY053,Bayern,DE,2020-02-10T00:00:00.000Z,2020-02-10T01:00:00+01:00,no2,8.7,µg/m³,49.44591,11.088444,"[{""name"":""EEA"",""url"":""http://www.eea.europa.eu/themes/air/air-quality""}]"
DEBY053,Bayern,DE,2020-02-09T01:00:00.000Z,2020-02-09T02:00:00+01:00,pm25,31.1,µg/m³,49.44591,11.088444,"[{""name"":""EEA"",""url"":""http://www.eea.europa.eu/themes/air/air-quality""}]"
DEBY053,Bayern,DE,2020-02-09T01:00:00.000Z,2020-02-09T02:00:00+01:00,no2,44.78,µg/m³,49.44591,11.088444,"[{""name"":""EEA"",""url"":""http://www.eea.europa.eu/themes/air/air-quality""}]"
DEBY053,Bayern,DE,2020-02-09T00:00:00.000Z,2020-02-09T01:00:00+01:00,no2,47,µg/m³,49.44591,11.088444,"[{""name"":""EEA"",""url"":""http://www.eea.europa.eu/themes/air/air-quality""}]"
DEBY053,Bayern,DE,2020-02-09T00:00:00.000Z,2020-02-09T01:00:00+01:00,pm25,31.7,µg/m³,49.44591,11.088444,"[{""name"":""EEA"",""url"":""http://www.eea.europa.eu/themes/air/air-quality""}]"
DEBY053,Bayern,DE,2020-02-08T01:00:00.000Z,2020-02-08T02:00:00+01:00,no2,47.04,µg/m³,49.44591,11.088444,"[{""name"":""EEA"",""url"":""http://www.eea.europa.eu/themes/air/air-quality""}]"
DEBY053,Bayern,DE,2020-02-08T01:00:00.000Z,2020-02-08T02:00:00+01:00,pm25,13.08,µg/m³,49.44591,11.088444,"[{""name"":""EEA"",""url"":""http://www.eea.europa.eu/themes/air/air-quality""}]"
DEBY053,Bayern,DE,2020-02-08T00:00:00.000Z,2020-02-08T01:00:00+01:00,no2,53.43,µg/m³,49.44591,11.088444,"[{""name"":""EEA"",""url"":""http://www.eea.europa.eu/themes/air/air-quality""}]"
DEBY053,Bayern,DE,2020-02-08T00:00:00.000Z,2020-02-08T01:00:00+01:00,pm25,13.84,µg/m³,49.44591,11.088444,"[{""name"":""EEA"",""url"":""http://www.eea.europa.eu/themes/air/air-quality""}]"
DEBY053,Bayern,DE,2020-02-07T01:00:00.000Z,2020-02-07T02:00:00+01:00,no2,52.5,µg/m³,49.44591,11.088444,"[{""name"":""EEA"",""url"":""http://www.eea.europa.eu/themes/air/air-quality""}]"
DEBY053,Bayern,DE,2020-02-07T01:00:00.000Z,2020-02-07T02:00:00+01:00,pm25,24.14,µg/m³,49.44591,11.088444,"[{""name"":""EEA"",""url"":""http://www.eea.europa.eu/themes/air/air-quality""}]"
DEBY053,Bayern,DE,2020-02-07T00:00:00.000Z,2020-02-07T01:00:00+01:00,pm25,22.4,µg/m³,49.44591,11.088444,"[{""name"":""EEA"",""url"":""http://www.eea.europa.eu/themes/air/air-quality""}]"
DEBY053,Bayern,DE,2020-02-07T00:00:00.000Z,2020-02-07T01:00:00+01:00,no2,58.35,µg/m³,49.44591,11.088444,"[{""name"":""EEA"",""url"":""http://www.eea.europa.eu/themes/air/air-quality""}]"
DEBY053,Bayern,DE,2020-02-06T01:00:00.000Z,2020-02-06T02:00:00+01:00,no2,51.62,µg/m³,49.44591,11.088444,"[{""name"":""EEA"",""url"":""http://www.eea.europa.eu/themes/air/air-quality""}]"
DEBY053,Bayern,DE,2020-02-06T01:00:00.000Z,2020-02-06T02:00:00+01:00,pm25,11.75,µg/m³,49.44591,11.088444,"[{""name"":""EEA"",""url"":""http://www.eea.europa.eu/themes/air/air-quality""}]"
DEBY053,Bayern,DE,2020-02-06T00:00:00.000Z,2020-02-06T01:00:00+01:00,no2,55.22,µg/m³,49.44591,11.088444,"[{""name"":""EEA"",""url"":""http://www.eea.europa.eu/themes/air/air-quality""}]"
DEBY053,Bayern,DE,2020-02-06T00:00:00.000Z,2020-02-06T01:00:00+01:00,pm25,13.93,µg/m³,49.44591,11.088444,"[{""name"":""EEA"",""url"":""http://www.eea.europa.eu/themes/air/air-quality""}]"
DEBY053,Bayern,DE,2020-02-05T01:00:00.000Z,2020-02-05T02:00:00+01:00,no2,10.32,µg/m³,49.44591,11.088444,"[{""name"":""EEA"",""url"":""http://www.eea.europa.eu/themes/air/air-quality""}]"
DEBY053,Bayern,DE,2020-02-05T01:00:00.000Z,2020-02-05T02:00:00+01:00,pm25,5.79,µg/m³,49.44591,11.088444,"[{""name"":""EEA"",""url"":""http://www.eea.europa.eu/themes/air/air-quality""}]"
DEBY053,Bayern,DE,2020-02-05T00:00:00.000Z,2020-02-05T01:00:00+01:00,pm25,5.52,µg/m³,49.44591,11.088444,"[{""name"":""EEA"",""url"":""http://www.eea.europa.eu/themes/air/air-quality""}]"
DEBY053,Bayern,DE,2020-02-05T00:00:00.000Z,2020-02-05T01:00:00+01:00,no2,14.64,µg/m³,49.44591,11.088444,"[{""name"":""EEA"",""url"":""http://www.eea.europa.eu/themes/air/air-quality""}]"
DEBY053,Bayern,DE,2020-02-04T01:00:00.000Z,2020-02-04T02:00:00+01:00,no2,8.5,µg/m³,49.44591,11.088444,"[{""name"":""EEA"",""url"":""http://www.eea.europa.eu/themes/air/air-quality""}]"
DEBY053,Bayern,DE,2020-02-04T01:00:00.000Z,2020-02-04T02:00:00+01:00,pm25,2.15,µg/m³,49.44591,11.088444,"[{""name"":""EEA"",""url"":""http://www.eea.europa.eu/themes/air/air-quality""}]"
DEBY053,Bayern,DE,2020-02-04T00:00:00.000Z,2020-02-04T01:00:00+01:00,pm25,2.01,µg/m³,49.44591,11.088444,"[{""name"":""EEA"",""url"":""http://www.eea.europa.eu/themes/air/air-quality""}]"
DEBY053,Bayern,DE,2020-02-04T00:00:00.000Z,2020-02-04T01:00:00+01:00,no2,10.04,µg/m³,49.44591,11.088444,"[{""name"":""EEA"",""url"":""http://www.eea.europa.eu/themes/air/air-quality""}]"
DEBY053,Bayern,DE,2020-02-03T01:00:00.000Z,2020-02-03T02:00:00+01:00,pm25,2.06,µg/m³,49.44591,11.088444,"[{""name"":""EEA"",""url"":""http://www.eea.europa.eu/themes/air/air-quality""}]"
DEBY053,Bayern,DE,2020-02-03T01:00:00.000Z,2020-02-03T02:00:00+01:00,no2,8.55,µg/m³,49.44591,11.088444,"[{""name"":""EEA"",""url"":""http://www.eea.europa.eu/themes/air/air-quality""}]"
DEBY053,Bayern,DE,2020-02-03T00:00:00.000Z,2020-02-03T01:00:00+01:00,pm25,2.05,µg/m³,49.44591,11.088444,"[{""name"":""EEA"",""url"":""http://www.eea.europa.eu/themes/air/air-quality""}]"
DEBY053,Bayern,DE,2020-02-03T00:00:00.000Z,2020-02-03T01:00:00+01:00,no2,11.36,µg/m³,49.44591,11.088444,"[{""name"":""EEA"",""url"":""http://www.eea.europa.eu/themes/air/air-quality""}]"
DEBY053,Bayern,DE,2020-02-02T01:00:00.000Z,2020-02-02T02:00:00+01:00,no2,18.79,µg/m³,49.44591,11.088444,"[{""name"":""EEA"",""url"":""http://www.eea.europa.eu/themes/air/air-quality""}]"
DEBY053,Bayern,DE,2020-02-02T01:00:00.000Z,2020-02-02T02:00:00+01:00,pm25,1.82,µg/m³,49.44591,11.088444,"[{""name"":""EEA"",""url"":""http://www.eea.europa.eu/themes/air/air-quality""}]"
DEBY053,Bayern,DE,2020-02-02T00:00:00.000Z,2020-02-02T01:00:00+01:00,pm25,1.9,µg/m³,49.44591,11.088444,"[{""name"":""EEA"",""url"":""http://www.eea.europa.eu/themes/air/air-quality""}]"
DEBY053,Bayern,DE,2020-02-02T00:00:00.000Z,2020-02-02T01:00:00+01:00,no2,11.1,µg/m³,49.44591,11.088444,"[{""name"":""EEA"",""url"":""http://www.eea.europa.eu/themes/air/air-quality""}]"
DEBY053,Bayern,DE,2020-02-01T01:00:00.000Z,2020-02-01T02:00:00+01:00,no2,30.95,µg/m³,49.44591,11.088444,"[{""name"":""EEA"",""url"":""http://www.eea.europa.eu/themes/air/air-quality""}]"
DEBY053,Bayern,DE,2020-02-01T01:00:00.000Z,2020-02-01T02:00:00+01:00,pm25,5.04,µg/m³,49.44591,11.088444,"[{""name"":""EEA"",""url"":""http://www.eea.europa.eu/themes/air/air-quality""}]"
DEBY053,Bayern,DE,2020-02-01T00:00:00.000Z,2020-02-01T01:00:00+01:00,no2,26.25,µg/m³,49.44591,11.088444,"[{""name"":""EEA"",""url"":""http://www.eea.europa.eu/themes/air/air-quality""}]"
DEBY053,Bayern,DE,2020-02-01T00:00:00.000Z,2020-02-01T01:00:00+01:00,pm25,6.29,µg/m³,49.44591,11.088444,"[{""name"":""EEA"",""url"":""http://www.eea.europa.eu/themes/air/air-quality""}]"
DEBY053,Bayern,DE,2020-01-31T01:00:00.000Z,2020-01-31T02:00:00+01:00,pm25,4.73,µg/m³,49.44591,11.088444,"[{""name"":""EEA"",""url"":""http://www.eea.europa.eu/themes/air/air-quality""}]"
DEBY053,Bayern,DE,2020-01-31T01:00:00.000Z,2020-01-31T02:00:00+01:00,no2,10.02,µg/m³,49.44591,11.088444,"[{""name"":""EEA"",""url"":""http://www.eea.europa.eu/themes/air/air-quality""}]"
DEBY053,Bayern,DE,2020-01-31T00:00:00.000Z,2020-01-31T01:00:00+01:00,pm25,6.64,µg/m³,49.44591,11.088444,"[{""name"":""EEA"",""url"":""http://www.eea.europa.eu/themes/air/air-quality""}]"
DEBY053,Bayern,DE,2020-01-31T00:00:00.000Z,2020-01-31T01:00:00+01:00,no2,13.08,µg/m³,49.44591,11.088444,"[{""name"":""EEA"",""url"":""http://www.eea.europa.eu/themes/air/air-quality""}]"
DEBY053,Bayern,DE,2020-01-30T01:00:00.000Z,2020-01-30T02:00:00+01:00,no2,14.94,µg/m³,49.44591,11.088444,"[{""name"":""EEA"",""url"":""http://www.eea.europa.eu/themes/air/air-quality""}]"
DEBY053,Bayern,DE,2020-01-30T01:00:00.000Z,2020-01-30T02:00:00+01:00,pm25,4.97,µg/m³,49.44591,11.088444,"[{""name"":""EEA"",""url"":""http://www.eea.europa.eu/themes/air/air-quality""}]"
DEBY053,Bayern,DE,2020-01-30T00:00:00.000Z,2020-01-30T01:00:00+01:00,no2,17.16,µg/m³,49.44591,11.088444,"[{""name"":""EEA"",""url"":""http://www.eea.europa.eu/themes/air/air-quality""}]"
DEBY053,Bayern,DE,2020-01-30T00:00:00.000Z,2020-01-30T01:00:00+01:00,pm25,4.51,µg/m³,49.44591,11.088444,"[{""name"":""EEA"",""url"":""http://www.eea.europa.eu/themes/air/air-quality""}]"
DEBY053,Bayern,DE,2020-01-29T01:00:00.000Z,2020-01-29T02:00:00+01:00,pm25,2.85,µg/m³,49.44591,11.088444,"[{""name"":""EEA"",""url"":""http://www.eea.europa.eu/themes/air/air-quality""}]"
DEBY053,Bayern,DE,2020-01-29T01:00:00.000Z,2020-01-29T02:00:00+01:00,no2,19.8,µg/m³,49.44591,11.088444,"[{""name"":""EEA"",""url"":""http://www.eea.europa.eu/themes/air/air-quality""}]"
DEBY053,Bayern,DE,2020-01-29T00:00:00.000Z,2020-01-29T01:00:00+01:00,no2,18.81,µg/m³,49.44591,11.088444,"[{""name"":""EEA"",""url"":""http://www.eea.europa.eu/themes/air/air-quality""}]"
DEBY053,Bayern,DE,2020-01-29T00:00:00.000Z,2020-01-29T01:00:00+01:00,pm25,3.01,µg/m³,49.44591,11.088444,"[{""name"":""EEA"",""url"":""http://www.eea.europa.eu/themes/air/air-quality""}]"
DEBY053,Bayern,DE,2020-01-28T17:00:00.000Z,2020-01-28T18:00:00+01:00,pm25,1.75,µg/m³,49.44591,11.088444,"[{""name"":""EEA"",""url"":""http://www.eea.europa.eu/themes/air/air-quality""}]"
DEBY053,Bayern,DE,2020-01-28T17:00:00.000Z,2020-01-28T18:00:00+01:00,no2,45.27,µg/m³,49.44591,11.088444,"[{""name"":""EEA"",""url"":""http://www.eea.europa.eu/themes/air/air-quality""}]"
DEBY053,Bayern,DE,2020-01-28T16:00:00.000Z,2020-01-28T17:00:00+01:00,pm25,1.51,µg/m³,49.44591,11.088444,"[{""name"":""EEA"",""url"":""http://www.eea.europa.eu/themes/air/air-quality""}]"
DEBY053,Bayern,DE,2020-01-28T16:00:00.000Z,2020-01-28T17:00:00+01:00,no2,40.54,µg/m³,49.44591,11.088444,"[{""name"":""EEA"",""url"":""http://www.eea.europa.eu/themes/air/air-quality""}]"
DEBY053,Bayern,DE,2020-01-28T15:00:00.000Z,2020-01-28T16:00:00+01:00,pm25,1.41,µg/m³,49.44591,11.088444,"[{""name"":""EEA"",""url"":""http://www.eea.europa.eu/themes/air/air-quality""}]"
DEBY053,Bayern,DE,2020-01-28T15:00:00.000Z,2020-01-28T16:00:00+01:00,no2,41.06,µg/m³,49.44591,11.088444,"[{""name"":""EEA"",""url"":""http://www.eea.europa.eu/themes/air/air-quality""}]"
DEBY053,Bayern,DE,2020-01-28T14:00:00.000Z,2020-01-28T15:00:00+01:00,pm25,1.14,µg/m³,49.44591,11.088444,"[{""name"":""EEA"",""url"":""http://www.eea.europa.eu/themes/air/air-quality""}]"
DEBY053,Bayern,DE,2020-01-28T14:00:00.000Z,2020-01-28T15:00:00+01:00,no2,34.08,µg/m³,49.44591,11.088444,"[{""name"":""EEA"",""url"":""http://www.eea.europa.eu/themes/air/air-quality""}]"
DEBY053,Bayern,DE,2020-01-28T13:00:00.000Z,2020-01-28T14:00:00+01:00,pm25,1.57,µg/m³,49.44591,11.088444,"[{""name"":""EEA"",""url"":""http://www.eea.europa.eu/themes/air/air-quality""}]"
DEBY053,Bayern,DE,2020-01-28T13:00:00.000Z,2020-01-28T14:00:00+01:00,no2,24.03,µg/m³,49.44591,11.088444,"[{""name"":""EEA"",""url"":""http://www.eea.europa.eu/themes/air/air-quality""}]"
DEBY053,Bayern,DE,2020-01-28T12:00:00.000Z,2020-01-28T13:00:00+01:00,no2,24.67,µg/m³,49.44591,11.088444,"[{""name"":""EEA"",""url"":""http://www.eea.europa.eu/themes/air/air-quality""}]"
DEBY053,Bayern,DE,2020-01-28T12:00:00.000Z,2020-01-28T13:00:00+01:00,pm25,1.6,µg/m³,49.44591,11.088444,"[{""name"":""EEA"",""url"":""http://www.eea.europa.eu/themes/air/air-quality""}]"
DEBY053,Bayern,DE,2020-01-28T11:00:00.000Z,2020-01-28T12:00:00+01:00,pm25,2.41,µg/m³,49.44591,11.088444,"[{""name"":""EEA"",""url"":""http://www.eea.europa.eu/themes/air/air-quality""}]"
DEBY053,Bayern,DE,2020-01-28T11:00:00.000Z,2020-01-28T12:00:00+01:00,no2,22.81,µg/m³,49.44591,11.088444,"[{""name"":""EEA"",""url"":""http://www.eea.europa.eu/themes/air/air-quality""}]"
DEBY053,Bayern,DE,2020-01-28T10:00:00.000Z,2020-01-28T11:00:00+01:00,pm25,3.15,µg/m³,49.44591,11.088444,"[{""name"":""EEA"",""url"":""http://www.eea.europa.eu/themes/air/air-quality""}]"
DEBY053,Bayern,DE,2020-01-28T10:00:00.000Z,2020-01-28T11:00:00+01:00,no2,22.06,µg/m³,49.44591,11.088444,"[{""name"":""EEA"",""url"":""http://www.eea.europa.eu/themes/air/air-quality""}]"
DEBY053,Bayern,DE,2020-01-28T09:00:00.000Z,2020-01-28T10:00:00+01:00,pm25,3.32,µg/m³,49.44591,11.088444,"[{""name"":""EEA"",""url"":""http://www.eea.europa.eu/themes/air/air-quality""}]"
DEBY053,Bayern,DE,2020-01-28T09:00:00.000Z,2020-01-28T10:00:00+01:00,no2,30.24,µg/m³,49.44591,11.088444,"[{""name"":""EEA"",""url"":""http://www.eea.europa.eu/themes/air/air-quality""}]"
DEBY053,Bayern,DE,2020-01-28T08:00:00.000Z,2020-01-28T09:00:00+01:00,no2,35.91,µg/m³,49.44591,11.088444,"[{""name"":""EEA"",""url"":""http://www.eea.europa.eu/themes/air/air-quality""}]"
DEBY053,Bayern,DE,2020-01-28T08:00:00.000Z,2020-01-28T09:00:00+01:00,pm25,3.82,µg/m³,49.44591,11.088444,"[{""name"":""EEA"",""url"":""http://www.eea.europa.eu/themes/air/air-quality""}]"
DEBY053,Bayern,DE,2020-01-28T07:00:00.000Z,2020-01-28T08:00:00+01:00,pm25,2.77,µg/m³,49.44591,11.088444,"[{""name"":""EEA"",""url"":""http://www.eea.europa.eu/themes/air/air-quality""}]"
DEBY053,Bayern,DE,2020-01-28T07:00:00.000Z,2020-01-28T08:00:00+01:00,no2,35.45,µg/m³,49.44591,11.088444,"[{""name"":""EEA"",""url"":""http://www.eea.europa.eu/themes/air/air-quality""}]"
DEBY053,Bayern,DE,2020-01-28T06:00:00.000Z,2020-01-28T07:00:00+01:00,pm25,3.08,µg/m³,49.44591,11.088444,"[{""name"":""EEA"",""url"":""http://www.eea.europa.eu/themes/air/air-quality""}]"
DEBY053,Bayern,DE,2020-01-28T06:00:00.000Z,2020-01-28T07:00:00+01:00,no2,31.65,µg/m³,49.44591,11.088444,"[{""name"":""EEA"",""url"":""http://www.eea.europa.eu/themes/air/air-quality""}]"
DEBY053,Bayern,DE,2020-01-28T05:00:00.000Z,2020-01-28T06:00:00+01:00,pm25,4.22,µg/m³,49.44591,11.088444,"[{""name"":""EEA"",""url"":""http://www.eea.europa.eu/themes/air/air-quality""}]"
DEBY053,Bayern,DE,2020-01-28T05:00:00.000Z,2020-01-28T06:00:00+01:00,no2,21.06,µg/m³,49.44591,11.088444,"[{""name"":""EEA"",""url"":""http://www.eea.europa.eu/themes/air/air-quality""}]"
DEBY053,Bayern,DE,2020-01-28T04:00:00.000Z,2020-01-28T05:00:00+01:00,pm25,3.97,µg/m³,49.44591,11.088444,"[{""name"":""EEA"",""url"":""http://www.eea.europa.eu/themes/air/air-quality""}]"
DEBY053,Bayern,DE,2020-01-28T04:00:00.000Z,2020-01-28T05:00:00+01:00,no2,15.06,µg/m³,49.44591,11.088444,"[{""name"":""EEA"",""url"":""http://www.eea.europa.eu/themes/air/air-quality""}]"
DEBY053,Bayern,DE,2020-01-28T03:00:00.000Z,2020-01-28T04:00:00+01:00,no2,15.12,µg/m³,49.44591,11.088444,"[{""name"":""EEA"",""url"":""http://www.eea.europa.eu/themes/air/air-quality""}]"
DEBY053,Bayern,DE,2020-01-28T03:00:00.000Z,2020-01-28T04:00:00+01:00,pm25,4.88,µg/m³,49.44591,11.088444,"[{""name"":""EEA"",""url"":""http://www.eea.europa.eu/themes/air/air-quality""}]"
DEBY053,Bayern,DE,2020-01-28T02:00:00.000Z,2020-01-28T03:00:00+01:00,no2,15.85,µg/m³,49.44591,11.088444,"[{""name"":""EEA"",""url"":""http://www.eea.europa.eu/themes/air/air-quality""}]"
DEBY053,Bayern,DE,2020-01-28T02:00:00.000Z,2020-01-28T03:00:00+01:00,pm25,5.05,µg/m³,49.44591,11.088444,"[{""name"":""EEA"",""url"":""http://www.eea.europa.eu/themes/air/air-quality""}]"
DEBY053,Bayern,DE,2020-01-28T01:00:00.000Z,2020-01-28T02:00:00+01:00,pm25,5.26,µg/m³,49.44591,11.088444,"[{""name"":""EEA"",""url"":""http://www.eea.europa.eu/themes/air/air-quality""}]"
DEBY053,Bayern,DE,2020-01-28T01:00:00.000Z,2020-01-28T02:00:00+01:00,no2,13.28,µg/m³,49.44591,11.088444,"[{""name"":""EEA"",""url"":""http://www.eea.europa.eu/themes/air/air-quality""}]"
DEBY053,Bayern,DE,2020-01-28T00:00:00.000Z,2020-01-28T01:00:00+01:00,no2,15.81,µg/m³,49.44591,11.088444,"[{""name"":""EEA"",""url"":""http://www.eea.europa.eu/themes/air/air-quality""}]"
DEBY053,Bayern,DE,2020-01-28T00:00:00.000Z,2020-01-28T01:00:00+01:00,pm25,15.41,µg/m³,49.44591,11.088444,"[{""name"":""EEA"",""url"":""http://www.eea.europa.eu/themes/air/air-quality""}]"
DEBY053,Bayern,DE,2020-01-27T01:00:00.000Z,2020-01-27T02:00:00+01:00,no2,32.74,µg/m³,49.44591,11.088444,"[{""name"":""EEA"",""url"":""http://www.eea.europa.eu/themes/air/air-quality""}]"
DEBY053,Bayern,DE,2020-01-27T01:00:00.000Z,2020-01-27T02:00:00+01:00,pm25,33.78,µg/m³,49.44591,11.088444,"[{""name"":""EEA"",""url"":""http://www.eea.europa.eu/themes/air/air-quality""}]"
DEBY053,Bayern,DE,2020-01-27T00:00:00.000Z,2020-01-27T01:00:00+01:00,pm25,33.71,µg/m³,49.44591,11.088444,"[{""name"":""EEA"",""url"":""http://www.eea.europa.eu/themes/air/air-quality""}]"
DEBY053,Bayern,DE,2020-01-27T00:00:00.000Z,2020-01-27T01:00:00+01:00,no2,37.19,µg/m³,49.44591,11.088444,"[{""name"":""EEA"",""url"":""http://www.eea.europa.eu/themes/air/air-quality""}]"
DEBY053,Bayern,DE,2020-01-26T01:00:00.000Z,2020-01-26T02:00:00+01:00,no2,45.29,µg/m³,49.44591,11.088444,"[{""name"":""EEA"",""url"":""http://www.eea.europa.eu/themes/air/air-quality""}]"
DEBY053,Bayern,DE,2020-01-26T01:00:00.000Z,2020-01-26T02:00:00+01:00,pm25,29.85,µg/m³,49.44591,11.088444,"[{""name"":""EEA"",""url"":""http://www.eea.europa.eu/themes/air/air-quality""}]"
DEBY053,Bayern,DE,2020-01-26T00:00:00.000Z,2020-01-26T01:00:00+01:00,pm25,27.93,µg/m³,49.44591,11.088444,"[{""name"":""EEA"",""url"":""http://www.eea.europa.eu/themes/air/air-quality""}]"
DEBY053,Bayern,DE,2020-01-26T00:00:00.000Z,2020-01-26T01:00:00+01:00,no2,46.7,µg/m³,49.44591,11.088444,"[{""name"":""EEA"",""url"":""http://www.eea.europa.eu/themes/air/air-quality""}]"
DEBY053,Bayern,DE,2020-01-25T01:00:00.000Z,2020-01-25T02:00:00+01:00,pm25,35.8,µg/m³,49.44591,11.088444,"[{""name"":""EEA"",""url"":""http://www.eea.europa.eu/themes/air/air-quality""}]"
DEBY053,Bayern,DE,2020-01-25T01:00:00.000Z,2020-01-25T02:00:00+01:00,no2,36.7,µg/m³,49.44591,11.088444,"[{""name"":""EEA"",""url"":""http://www.eea.europa.eu/themes/air/air-quality""}]"
DEBY053,Bayern,DE,2020-01-25T00:00:00.000Z,2020-01-25T01:00:00+01:00,no2,40.03,µg/m³,49.44591,11.088444,"[{""name"":""EEA"",""url"":""http://www.eea.europa.eu/themes/air/air-quality""}]"
DEBY053,Bayern,DE,2020-01-25T00:00:00.000Z,2020-01-25T01:00:00+01:00,pm25,35.43,µg/m³,49.44591,11.088444,"[{""name"":""EEA"",""url"":""http://www.eea.europa.eu/themes/air/air-quality""}]"
DEBY053,Bayern,DE,2020-01-24T01:00:00.000Z,2020-01-24T02:00:00+01:00,no2,39.37,µg/m³,49.44591,11.088444,"[{""name"":""EEA"",""url"":""http://www.eea.europa.eu/themes/air/air-quality""}]"
DEBY053,Bayern,DE,2020-01-24T01:00:00.000Z,2020-01-24T02:00:00+01:00,pm25,24.29,µg/m³,49.44591,11.088444,"[{""name"":""EEA"",""url"":""http://www.eea.europa.eu/themes/air/air-quality""}]"
DEBY053,Bayern,DE,2020-01-24T00:00:00.000Z,2020-01-24T01:00:00+01:00,pm25,23.86,µg/m³,49.44591,11.088444,"[{""name"":""EEA"",""url"":""http://www.eea.europa.eu/themes/air/air-quality""}]"
DEBY053,Bayern,DE,2020-01-24T00:00:00.000Z,2020-01-24T01:00:00+01:00,no2,44.54,µg/m³,49.44591,11.088444,"[{""name"":""EEA"",""url"":""http://www.eea.europa.eu/themes/air/air-quality""}]"
DEBY053,Bayern,DE,2020-01-23T01:00:00.000Z,2020-01-23T02:00:00+01:00,pm25,27.15,µg/m³,49.44591,11.088444,"[{""name"":""EEA"",""url"":""http://www.eea.europa.eu/themes/air/air-quality""}]"
DEBY053,Bayern,DE,2020-01-23T01:00:00.000Z,2020-01-23T02:00:00+01:00,no2,45.19,µg/m³,49.44591,11.088444,"[{""name"":""EEA"",""url"":""http://www.eea.europa.eu/themes/air/air-quality""}]"
DEBY053,Bayern,DE,2020-01-23T00:00:00.000Z,2020-01-23T01:00:00+01:00,no2,46.8,µg/m³,49.44591,11.088444,"[{""name"":""EEA"",""url"":""http://www.eea.europa.eu/themes/air/air-quality""}]"
DEBY053,Bayern,DE,2020-01-23T00:00:00.000Z,2020-01-23T01:00:00+01:00,pm25,25.78,µg/m³,49.44591,11.088444,"[{""name"":""EEA"",""url"":""http://www.eea.europa.eu/themes/air/air-quality""}]"
DEBY053,Bayern,DE,2020-01-22T00:00:00.000Z,2020-01-22T01:00:00+01:00,pm25,26.56,µg/m³,49.44591,11.088444,"[{""name"":""EEA"",""url"":""http://www.eea.europa.eu/themes/air/air-quality""}]"
DEBY053,Bayern,DE,2020-01-22T00:00:00.000Z,2020-01-22T01:00:00+01:00,no2,19.67,µg/m³,49.44591,11.088444,"[{""name"":""EEA"",""url"":""http://www.eea.europa.eu/themes/air/air-quality""}]"
DEBY053,Bayern,DE,2020-01-21T01:00:00.000Z,2020-01-21T02:00:00+01:00,pm25,14.62,µg/m³,49.44591,11.088444,"[{""name"":""EEA"",""url"":""http://www.eea.europa.eu/themes/air/air-quality""}]"
DEBY053,Bayern,DE,2020-01-21T01:00:00.000Z,2020-01-21T02:00:00+01:00,no2,39.41,µg/m³,49.44591,11.088444,"[{""name"":""EEA"",""url"":""http://www.eea.europa.eu/themes/air/air-quality""}]"
DEBY053,Bayern,DE,2020-01-21T00:00:00.000Z,2020-01-21T01:00:00+01:00,pm25,15.8,µg/m³,49.44591,11.088444,"[{""name"":""EEA"",""url"":""http://www.eea.europa.eu/themes/air/air-quality""}]"
DEBY053,Bayern,DE,2020-01-21T00:00:00.000Z,2020-01-21T01:00:00+01:00,no2,47.42,µg/m³,49.44591,11.088444,"[{""name"":""EEA"",""url"":""http://www.eea.europa.eu/themes/air/air-quality""}]"
DEBY053,Bayern,DE,2020-01-20T01:00:00.000Z,2020-01-20T02:00:00+01:00,pm25,7.61,µg/m³,49.44591,11.088444,"[{""name"":""EEA"",""url"":""http://www.eea.europa.eu/themes/air/air-quality""}]"
DEBY053,Bayern,DE,2020-01-20T01:00:00.000Z,2020-01-20T02:00:00+01:00,no2,25.99,µg/m³,49.44591,11.088444,"[{""name"":""EEA"",""url"":""http://www.eea.europa.eu/themes/air/air-quality""}]"
DEBY053,Bayern,DE,2020-01-20T00:00:00.000Z,2020-01-20T01:00:00+01:00,no2,37.97,µg/m³,49.44591,11.088444,"[{""name"":""EEA"",""url"":""http://www.eea.europa.eu/themes/air/air-quality""}]"
DEBY053,Bayern,DE,2020-01-20T00:00:00.000Z,2020-01-20T01:00:00+01:00,pm25,8.43,µg/m³,49.44591,11.088444,"[{""name"":""EEA"",""url"":""http://www.eea.europa.eu/themes/air/air-quality""}]"
DEBY053,Bayern,DE,2020-01-19T01:00:00.000Z,2020-01-19T02:00:00+01:00,no2,16.72,µg/m³,49.44591,11.088444,"[{""name"":""EEA"",""url"":""http://www.eea.europa.eu/themes/air/air-quality""}]"
DEBY053,Bayern,DE,2020-01-19T01:00:00.000Z,2020-01-19T02:00:00+01:00,pm25,4.8,µg/m³,49.44591,11.088444,"[{""name"":""EEA"",""url"":""http://www.eea.europa.eu/themes/air/air-quality""}]"
DEBY053,Bayern,DE,2020-01-19T00:00:00.000Z,2020-01-19T01:00:00+01:00,pm25,6.64,µg/m³,49.44591,11.088444,"[{""name"":""EEA"",""url"":""http://www.eea.europa.eu/themes/air/air-quality""}]"
DEBY053,Bayern,DE,2020-01-19T00:00:00.000Z,2020-01-19T01:00:00+01:00,no2,27.58,µg/m³,49.44591,11.088444,"[{""name"":""EEA"",""url"":""http://www.eea.europa.eu/themes/air/air-quality""}]"
DEBY053,Bayern,DE,2020-01-18T01:00:00.000Z,2020-01-18T02:00:00+01:00,pm25,6.71,µg/m³,49.44591,11.088444,"[{""name"":""EEA"",""url"":""http://www.eea.europa.eu/themes/air/air-quality""}]"
DEBY053,Bayern,DE,2020-01-18T01:00:00.000Z,2020-01-18T02:00:00+01:00,no2,18.47,µg/m³,49.44591,11.088444,"[{""name"":""EEA"",""url"":""http://www.eea.europa.eu/themes/air/air-quality""}]"
DEBY053,Bayern,DE,2020-01-18T00:00:00.000Z,2020-01-18T01:00:00+01:00,no2,29.47,µg/m³,49.44591,11.088444,"[{""name"":""EEA"",""url"":""http://www.eea.europa.eu/themes/air/air-quality""}]"
DEBY053,Bayern,DE,2020-01-18T00:00:00.000Z,2020-01-18T01:00:00+01:00,pm25,9.27,µg/m³,49.44591,11.088444,"[{""name"":""EEA"",""url"":""http://www.eea.europa.eu/themes/air/air-quality""}]"
DEBY053,Bayern,DE,2020-01-17T01:00:00.000Z,2020-01-17T02:00:00+01:00,pm25,23.59,µg/m³,49.44591,11.088444,"[{""name"":""EEA"",""url"":""http://www.eea.europa.eu/themes/air/air-quality""}]"
DEBY053,Bayern,DE,2020-01-17T01:00:00.000Z,2020-01-17T02:00:00+01:00,no2,38.92,µg/m³,49.44591,11.088444,"[{""name"":""EEA"",""url"":""http://www.eea.europa.eu/themes/air/air-quality""}]"
DEBY053,Bayern,DE,2020-01-17T00:00:00.000Z,2020-01-17T01:00:00+01:00,pm25,22.8,µg/m³,49.44591,11.088444,"[{""name"":""EEA"",""url"":""http://www.eea.europa.eu/themes/air/air-quality""}]"
DEBY053,Bayern,DE,2020-01-17T00:00:00.000Z,2020-01-17T01:00:00+01:00,no2,44.19,µg/m³,49.44591,11.088444,"[{""name"":""EEA"",""url"":""http://www.eea.europa.eu/themes/air/air-quality""}]"
DEBY053,Bayern,DE,2020-01-16T01:00:00.000Z,2020-01-16T02:00:00+01:00,pm25,7.65,µg/m³,49.44591,11.088444,"[{""name"":""EEA"",""url"":""http://www.eea.europa.eu/themes/air/air-quality""}]"
DEBY053,Bayern,DE,2020-01-16T01:00:00.000Z,2020-01-16T02:00:00+01:00,no2,31.05,µg/m³,49.44591,11.088444,"[{""name"":""EEA"",""url"":""http://www.eea.europa.eu/themes/air/air-quality""}]"
DEBY053,Bayern,DE,2020-01-16T00:00:00.000Z,2020-01-16T01:00:00+01:00,no2,36.73,µg/m³,49.44591,11.088444,"[{""name"":""EEA"",""url"":""http://www.eea.europa.eu/themes/air/air-quality""}]"
DEBY053,Bayern,DE,2020-01-16T00:00:00.000Z,2020-01-16T01:00:00+01:00,pm25,8.62,µg/m³,49.44591,11.088444,"[{""name"":""EEA"",""url"":""http://www.eea.europa.eu/themes/air/air-quality""}]"
DEBY053,Bayern,DE,2020-01-15T01:00:00.000Z,2020-01-15T02:00:00+01:00,pm25,9.09,µg/m³,49.44591,11.088444,"[{""name"":""EEA"",""url"":""http://www.eea.europa.eu/themes/air/air-quality""}]"
DEBY053,Bayern,DE,2020-01-15T01:00:00.000Z,2020-01-15T02:00:00+01:00,no2,33.21,µg/m³,49.44591,11.088444,"[{""name"":""EEA"",""url"":""http://www.eea.europa.eu/themes/air/air-quality""}]"
DEBY053,Bayern,DE,2020-01-15T00:00:00.000Z,2020-01-15T01:00:00+01:00,no2,35.88,µg/m³,49.44591,11.088444,"[{""name"":""EEA"",""url"":""http://www.eea.europa.eu/themes/air/air-quality""}]"
DEBY053,Bayern,DE,2020-01-15T00:00:00.000Z,2020-01-15T01:00:00+01:00,pm25,9.16,µg/m³,49.44591,11.088444,"[{""name"":""EEA"",""url"":""http://www.eea.europa.eu/themes/air/air-quality""}]"
DEBY053,Bayern,DE,2020-01-14T00:00:00.000Z,2020-01-14T01:00:00+01:00,pm25,11.14,µg/m³,49.44591,11.088444,"[{""name"":""EEA"",""url"":""http://www.eea.europa.eu/themes/air/air-quality""}]"
DEBY053,Bayern,DE,2020-01-14T00:00:00.000Z,2020-01-14T01:00:00+01:00,no2,46.06,µg/m³,49.44591,11.088444,"[{""name"":""EEA"",""url"":""http://www.eea.europa.eu/themes/air/air-quality""}]"
DEBY053,Bayern,DE,2020-01-13T01:00:00.000Z,2020-01-13T02:00:00+01:00,pm25,16.42,µg/m³,49.44591,11.088444,"[{""name"":""EEA"",""url"":""http://www.eea.europa.eu/themes/air/air-quality""}]"
DEBY053,Bayern,DE,2020-01-13T01:00:00.000Z,2020-01-13T02:00:00+01:00,no2,25.53,µg/m³,49.44591,11.088444,"[{""name"":""EEA"",""url"":""http://www.eea.europa.eu/themes/air/air-quality""}]"
DEBY053,Bayern,DE,2020-01-13T00:00:00.000Z,2020-01-13T01:00:00+01:00,pm25,14.84,µg/m³,49.44591,11.088444,"[{""name"":""EEA"",""url"":""http://www.eea.europa.eu/themes/air/air-quality""}]"
DEBY053,Bayern,DE,2020-01-13T00:00:00.000Z,2020-01-13T01:00:00+01:00,no2,20.79,µg/m³,49.44591,11.088444,"[{""name"":""EEA"",""url"":""http://www.eea.europa.eu/themes/air/air-quality""}]"
DEBY053,Bayern,DE,2020-01-12T01:00:00.000Z,2020-01-12T02:00:00+01:00,pm25,15.15,µg/m³,49.44591,11.088444,"[{""name"":""EEA"",""url"":""http://www.eea.europa.eu/themes/air/air-quality""}]"
DEBY053,Bayern,DE,2020-01-12T01:00:00.000Z,2020-01-12T02:00:00+01:00,no2,43.41,µg/m³,49.44591,11.088444,"[{""name"":""EEA"",""url"":""http://www.eea.europa.eu/themes/air/air-quality""}]"
DEBY053,Bayern,DE,2020-01-12T00:00:00.000Z,2020-01-12T01:00:00+01:00,pm25,15.09,µg/m³,49.44591,11.088444,"[{""name"":""EEA"",""url"":""http://www.eea.europa.eu/themes/air/air-quality""}]"
DEBY053,Bayern,DE,2020-01-12T00:00:00.000Z,2020-01-12T01:00:00+01:00,no2,45.3,µg/m³,49.44591,11.088444,"[{""name"":""EEA"",""url"":""http://www.eea.europa.eu/themes/air/air-quality""}]"
DEBY053,Bayern,DE,2020-01-11T01:00:00.000Z,2020-01-11T02:00:00+01:00,no2,13.87,µg/m³,49.44591,11.088444,"[{""name"":""EEA"",""url"":""http://www.eea.europa.eu/themes/air/air-quality""}]"
DEBY053,Bayern,DE,2020-01-11T01:00:00.000Z,2020-01-11T02:00:00+01:00,pm25,8.33,µg/m³,49.44591,11.088444,"[{""name"":""EEA"",""url"":""http://www.eea.europa.eu/themes/air/air-quality""}]"
DEBY053,Bayern,DE,2020-01-11T00:00:00.000Z,2020-01-11T01:00:00+01:00,pm25,9.03,µg/m³,49.44591,11.088444,"[{""name"":""EEA"",""url"":""http://www.eea.europa.eu/themes/air/air-quality""}]"
DEBY053,Bayern,DE,2020-01-11T00:00:00.000Z,2020-01-11T01:00:00+01:00,no2,22.11,µg/m³,49.44591,11.088444,"[{""name"":""EEA"",""url"":""http://www.eea.europa.eu/themes/air/air-quality""}]"
DEBY053,Bayern,DE,2020-01-10T01:00:00.000Z,2020-01-10T02:00:00+01:00,pm25,7.01,µg/m³,49.44591,11.088444,"[{""name"":""EEA"",""url"":""http://www.eea.europa.eu/themes/air/air-quality""}]"
DEBY053,Bayern,DE,2020-01-10T01:00:00.000Z,2020-01-10T02:00:00+01:00,no2,33.17,µg/m³,49.44591,11.088444,"[{""name"":""EEA"",""url"":""http://www.eea.europa.eu/themes/air/air-quality""}]"
DEBY053,Bayern,DE,2020-01-10T00:00:00.000Z,2020-01-10T01:00:00+01:00,pm25,6.84,µg/m³,49.44591,11.088444,"[{""name"":""EEA"",""url"":""http://www.eea.europa.eu/themes/air/air-quality""}]"
DEBY053,Bayern,DE,2020-01-10T00:00:00.000Z,2020-01-10T01:00:00+01:00,no2,39.42,µg/m³,49.44591,11.088444,"[{""name"":""EEA"",""url"":""http://www.eea.europa.eu/themes/air/air-quality""}]"
DEBY053,Bayern,DE,2020-01-09T01:00:00.000Z,2020-01-09T02:00:00+01:00,no2,33.54,µg/m³,49.44591,11.088444,"[{""name"":""EEA"",""url"":""http://www.eea.europa.eu/themes/air/air-quality""}]"
DEBY053,Bayern,DE,2020-01-09T01:00:00.000Z,2020-01-09T02:00:00+01:00,pm25,13.32,µg/m³,49.44591,11.088444,"[{""name"":""EEA"",""url"":""http://www.eea.europa.eu/themes/air/air-quality""}]"
DEBY053,Bayern,DE,2020-01-09T00:00:00.000Z,2020-01-09T01:00:00+01:00,no2,35.17,µg/m³,49.44591,11.088444,"[{""name"":""EEA"",""url"":""http://www.eea.europa.eu/themes/air/air-quality""}]"
DEBY053,Bayern,DE,2020-01-09T00:00:00.000Z,2020-01-09T01:00:00+01:00,pm25,13.82,µg/m³,49.44591,11.088444,"[{""name"":""EEA"",""url"":""http://www.eea.europa.eu/themes/air/air-quality""}]"
DEBY053,Bayern,DE,2020-01-08T01:00:00.000Z,2020-01-08T02:00:00+01:00,pm25,11.7,µg/m³,49.44591,11.088444,"[{""name"":""EEA"",""url"":""http://www.eea.europa.eu/themes/air/air-quality""}]"
DEBY053,Bayern,DE,2020-01-08T01:00:00.000Z,2020-01-08T02:00:00+01:00,no2,34.2,µg/m³,49.44591,11.088444,"[{""name"":""EEA"",""url"":""http://www.eea.europa.eu/themes/air/air-quality""}]"
DEBY053,Bayern,DE,2020-01-08T00:00:00.000Z,2020-01-08T01:00:00+01:00,pm25,14.14,µg/m³,49.44591,11.088444,"[{""name"":""EEA"",""url"":""http://www.eea.europa.eu/themes/air/air-quality""}]"
DEBY053,Bayern,DE,2020-01-08T00:00:00.000Z,2020-01-08T01:00:00+01:00,no2,32.04,µg/m³,49.44591,11.088444,"[{""name"":""EEA"",""url"":""http://www.eea.europa.eu/themes/air/air-quality""}]"
DEBY053,Bayern,DE,2020-01-07T01:00:00.000Z,2020-01-07T02:00:00+01:00,pm25,15.67,µg/m³,49.44591,11.088444,"[{""name"":""EEA"",""url"":""http://www.eea.europa.eu/themes/air/air-quality""}]"
DEBY053,Bayern,DE,2020-01-07T01:00:00.000Z,2020-01-07T02:00:00+01:00,no2,34.91,µg/m³,49.44591,11.088444,"[{""name"":""EEA"",""url"":""http://www.eea.europa.eu/themes/air/air-quality""}]"
DEBY053,Bayern,DE,2020-01-07T00:00:00.000Z,2020-01-07T01:00:00+01:00,no2,34.96,µg/m³,49.44591,11.088444,"[{""name"":""EEA"",""url"":""http://www.eea.europa.eu/themes/air/air-quality""}]"
DEBY053,Bayern,DE,2020-01-07T00:00:00.000Z,2020-01-07T01:00:00+01:00,pm25,17.27,µg/m³,49.44591,11.088444,"[{""name"":""EEA"",""url"":""http://www.eea.europa.eu/themes/air/air-quality""}]"
DEBY053,Bayern,DE,2020-01-06T01:00:00.000Z,2020-01-06T02:00:00+01:00,pm25,11.38,µg/m³,49.44591,11.088444,"[{""name"":""EEA"",""url"":""http://www.eea.europa.eu/themes/air/air-quality""}]"
DEBY053,Bayern,DE,2020-01-06T01:00:00.000Z,2020-01-06T02:00:00+01:00,no2,37.3,µg/m³,49.44591,11.088444,"[{""name"":""EEA"",""url"":""http://www.eea.europa.eu/themes/air/air-quality""}]"
DEBY053,Bayern,DE,2020-01-06T00:00:00.000Z,2020-01-06T01:00:00+01:00,pm25,10.32,µg/m³,49.44591,11.088444,"[{""name"":""EEA"",""url"":""http://www.eea.europa.eu/themes/air/air-quality""}]"
DEBY053,Bayern,DE,2020-01-06T00:00:00.000Z,2020-01-06T01:00:00+01:00,no2,41.1,µg/m³,49.44591,11.088444,"[{""name"":""EEA"",""url"":""http://www.eea.europa.eu/themes/air/air-quality""}]"
DEBY053,Bayern,DE,2020-01-05T01:00:00.000Z,2020-01-05T02:00:00+01:00,pm25,8.5,µg/m³,49.44591,11.088444,"[{""name"":""EEA"",""url"":""http://www.eea.europa.eu/themes/air/air-quality""}]"
DEBY053,Bayern,DE,2020-01-05T01:00:00.000Z,2020-01-05T02:00:00+01:00,no2,15.95,µg/m³,49.44591,11.088444,"[{""name"":""EEA"",""url"":""http://www.eea.europa.eu/themes/air/air-quality""}]"
DEBY053,Bayern,DE,2020-01-05T00:00:00.000Z,2020-01-05T01:00:00+01:00,no2,16.57,µg/m³,49.44591,11.088444,"[{""name"":""EEA"",""url"":""http://www.eea.europa.eu/themes/air/air-quality""}]"
DEBY053,Bayern,DE,2020-01-05T00:00:00.000Z,2020-01-05T01:00:00+01:00,pm25,7.2,µg/m³,49.44591,11.088444,"[{""name"":""EEA"",""url"":""http://www.eea.europa.eu/themes/air/air-quality""}]"
DEBY053,Bayern,DE,2020-01-04T01:00:00.000Z,2020-01-04T02:00:00+01:00,pm25,2.35,µg/m³,49.44591,11.088444,"[{""name"":""EEA"",""url"":""http://www.eea.europa.eu/themes/air/air-quality""}]"
DEBY053,Bayern,DE,2020-01-04T01:00:00.000Z,2020-01-04T02:00:00+01:00,no2,13.42,µg/m³,49.44591,11.088444,"[{""name"":""EEA"",""url"":""http://www.eea.europa.eu/themes/air/air-quality""}]"
DEBY053,Bayern,DE,2020-01-04T00:00:00.000Z,2020-01-04T01:00:00+01:00,pm25,11.13,µg/m³,49.44591,11.088444,"[{""name"":""EEA"",""url"":""http://www.eea.europa.eu/themes/air/air-quality""}]"
DEBY053,Bayern,DE,2020-01-04T00:00:00.000Z,2020-01-04T01:00:00+01:00,no2,14.85,µg/m³,49.44591,11.088444,"[{""name"":""EEA"",""url"":""http://www.eea.europa.eu/themes/air/air-quality""}]"
DEBY053,Bayern,DE,2020-01-03T01:00:00.000Z,2020-01-03T02:00:00+01:00,no2,18.77,µg/m³,49.44591,11.088444,"[{""name"":""EEA"",""url"":""http://www.eea.europa.eu/themes/air/air-quality""}]"
DEBY053,Bayern,DE,2020-01-03T01:00:00.000Z,2020-01-03T02:00:00+01:00,pm25,18.62,µg/m³,49.44591,11.088444,"[{""name"":""EEA"",""url"":""http://www.eea.europa.eu/themes/air/air-quality""}]"
DEBY053,Bayern,DE,2020-01-03T00:00:00.000Z,2020-01-03T01:00:00+01:00,pm25,18.28,µg/m³,49.44591,11.088444,"[{""name"":""EEA"",""url"":""http://www.eea.europa.eu/themes/air/air-quality""}]"
DEBY053,Bayern,DE,2020-01-03T00:00:00.000Z,2020-01-03T01:00:00+01:00,no2,17.02,µg/m³,49.44591,11.088444,"[{""name"":""EEA"",""url"":""http://www.eea.europa.eu/themes/air/air-quality""}]"
DEBY053,Bayern,DE,2020-01-02T01:00:00.000Z,2020-01-02T02:00:00+01:00,no2,35.78,µg/m³,49.44591,11.088444,"[{""name"":""EEA"",""url"":""http://www.eea.europa.eu/themes/air/air-quality""}]"
DEBY053,Bayern,DE,2020-01-02T01:00:00.000Z,2020-01-02T02:00:00+01:00,pm25,37.3,µg/m³,49.44591,11.088444,"[{""name"":""EEA"",""url"":""http://www.eea.europa.eu/themes/air/air-quality""}]"
DEBY053,Bayern,DE,2020-01-02T00:00:00.000Z,2020-01-02T01:00:00+01:00,no2,35.96,µg/m³,49.44591,11.088444,"[{""name"":""EEA"",""url"":""http://www.eea.europa.eu/themes/air/air-quality""}]"
DEBY053,Bayern,DE,2020-01-02T00:00:00.000Z,2020-01-02T01:00:00+01:00,pm25,33.42,µg/m³,49.44591,11.088444,"[{""name"":""EEA"",""url"":""http://www.eea.europa.eu/themes/air/air-quality""}]"
DEBY053,Bayern,DE,2020-01-01T01:00:00.000Z,2020-01-01T02:00:00+01:00,pm25,305.74,µg/m³,49.44591,11.088444,"[{""name"":""EEA"",""url"":""http://www.eea.europa.eu/themes/air/air-quality""}]"
DEBY053,Bayern,DE,2020-01-01T01:00:00.000Z,2020-01-01T02:00:00+01:00,no2,34.19,µg/m³,49.44591,11.088444,"[{""name"":""EEA"",""url"":""http://www.eea.europa.eu/themes/air/air-quality""}]"
DEBY053,Bayern,DE,2020-01-01T00:00:00.000Z,2020-01-01T01:00:00+01:00,no2,36.93,µg/m³,49.44591,11.088444,"[{""name"":""EEA"",""url"":""http://www.eea.europa.eu/themes/air/air-quality""}]"
DEBY053,Bayern,DE,2020-01-01T00:00:00.000Z,2020-01-01T01:00:00+01:00,pm25,219.43,µg/m³,49.44591,11.088444,"[{""name"":""EEA"",""url"":""http://www.eea.europa.eu/themes/air/air-quality""}]"
DEBY053,Bayern,DE,2019-12-31T01:00:00.000Z,2019-12-31T02:00:00+01:00,pm25,22.95,µg/m³,49.44591,11.088444,"[{""name"":""EEA"",""url"":""http://www.eea.europa.eu/themes/air/air-quality""}]"
DEBY053,Bayern,DE,2019-12-31T01:00:00.000Z,2019-12-31T02:00:00+01:00,no2,41.97,µg/m³,49.44591,11.088444,"[{""name"":""EEA"",""url"":""http://www.eea.europa.eu/themes/air/air-quality""}]"
DEBY053,Bayern,DE,2019-12-31T00:00:00.000Z,2019-12-31T01:00:00+01:00,no2,45.26,µg/m³,49.44591,11.088444,"[{""name"":""EEA"",""url"":""http://www.eea.europa.eu/themes/air/air-quality""}]"
DEBY053,Bayern,DE,2019-12-31T00:00:00.000Z,2019-12-31T01:00:00+01:00,pm25,21.54,µg/m³,49.44591,11.088444,"[{""name"":""EEA"",""url"":""http://www.eea.europa.eu/themes/air/air-quality""}]"
DEBY053,Bayern,DE,2019-12-30T01:00:00.000Z,2019-12-30T02:00:00+01:00,pm25,16.77,µg/m³,49.44591,11.088444,"[{""name"":""EEA"",""url"":""http://www.eea.europa.eu/themes/air/air-quality""}]"
DEBY053,Bayern,DE,2019-12-30T01:00:00.000Z,2019-12-30T02:00:00+01:00,no2,39.29,µg/m³,49.44591,11.088444,"[{""name"":""EEA"",""url"":""http://www.eea.europa.eu/themes/air/air-quality""}]"
DEBY053,Bayern,DE,2019-12-30T00:00:00.000Z,2019-12-30T01:00:00+01:00,pm25,16,µg/m³,49.44591,11.088444,"[{""name"":""EEA"",""url"":""http://www.eea.europa.eu/themes/air/air-quality""}]"
DEBY053,Bayern,DE,2019-12-30T00:00:00.000Z,2019-12-30T01:00:00+01:00,no2,42.26,µg/m³,49.44591,11.088444,"[{""name"":""EEA"",""url"":""http://www.eea.europa.eu/themes/air/air-quality""}]"
DEBY053,Bayern,DE,2019-12-29T01:00:00.000Z,2019-12-29T02:00:00+01:00,pm25,15.44,µg/m³,49.44591,11.088444,"[{""name"":""EEA"",""url"":""http://www.eea.europa.eu/themes/air/air-quality""}]"
DEBY053,Bayern,DE,2019-12-29T01:00:00.000Z,2019-12-29T02:00:00+01:00,no2,37.97,µg/m³,49.44591,11.088444,"[{""name"":""EEA"",""url"":""http://www.eea.europa.eu/themes/air/air-quality""}]"
DEBY053,Bayern,DE,2019-12-29T00:00:00.000Z,2019-12-29T01:00:00+01:00,pm25,16.71,µg/m³,49.44591,11.088444,"[{""name"":""EEA"",""url"":""http://www.eea.europa.eu/themes/air/air-quality""}]"
DEBY053,Bayern,DE,2019-12-29T00:00:00.000Z,2019-12-29T01:00:00+01:00,no2,40.25,µg/m³,49.44591,11.088444,"[{""name"":""EEA"",""url"":""http://www.eea.europa.eu/themes/air/air-quality""}]"
DEBY053,Bayern,DE,2019-12-28T01:00:00.000Z,2019-12-28T02:00:00+01:00,no2,49.77,µg/m³,49.44591,11.088444,"[{""name"":""EEA"",""url"":""http://www.eea.europa.eu/themes/air/air-quality""}]"
DEBY053,Bayern,DE,2019-12-28T01:00:00.000Z,2019-12-28T02:00:00+01:00,pm25,9.38,µg/m³,49.44591,11.088444,"[{""name"":""EEA"",""url"":""http://www.eea.europa.eu/themes/air/air-quality""}]"
DEBY053,Bayern,DE,2019-12-28T00:00:00.000Z,2019-12-28T01:00:00+01:00,no2,48.15,µg/m³,49.44591,11.088444,"[{""name"":""EEA"",""url"":""http://www.eea.europa.eu/themes/air/air-quality""}]"
DEBY053,Bayern,DE,2019-12-28T00:00:00.000Z,2019-12-28T01:00:00+01:00,pm25,8.59,µg/m³,49.44591,11.088444,"[{""name"":""EEA"",""url"":""http://www.eea.europa.eu/themes/air/air-quality""}]"
DEBY053,Bayern,DE,2019-12-27T01:00:00.000Z,2019-12-27T02:00:00+01:00,no2,22.37,µg/m³,49.44591,11.088444,"[{""name"":""EEA"",""url"":""http://www.eea.europa.eu/themes/air/air-quality""}]"
DEBY053,Bayern,DE,2019-12-27T01:00:00.000Z,2019-12-27T02:00:00+01:00,pm25,15.32,µg/m³,49.44591,11.088444,"[{""name"":""EEA"",""url"":""http://www.eea.europa.eu/themes/air/air-quality""}]"
DEBY053,Bayern,DE,2019-12-27T00:00:00.000Z,2019-12-27T01:00:00+01:00,pm25,12.46,µg/m³,49.44591,11.088444,"[{""name"":""EEA"",""url"":""http://www.eea.europa.eu/themes/air/air-quality""}]"
DEBY053,Bayern,DE,2019-12-27T00:00:00.000Z,2019-12-27T01:00:00+01:00,no2,23.5,µg/m³,49.44591,11.088444,"[{""name"":""EEA"",""url"":""http://www.eea.europa.eu/themes/air/air-quality""}]"
DEBY053,Bayern,DE,2019-12-26T01:00:00.000Z,2019-12-26T02:00:00+01:00,no2,16.37,µg/m³,49.44591,11.088444,"[{""name"":""EEA"",""url"":""http://www.eea.europa.eu/themes/air/air-quality""}]"
DEBY053,Bayern,DE,2019-12-26T01:00:00.000Z,2019-12-26T02:00:00+01:00,pm25,10.28,µg/m³,49.44591,11.088444,"[{""name"":""EEA"",""url"":""http://www.eea.europa.eu/themes/air/air-quality""}]"
DEBY053,Bayern,DE,2019-12-26T00:00:00.000Z,2019-12-26T01:00:00+01:00,no2,24.54,µg/m³,49.44591,11.088444,"[{""name"":""EEA"",""url"":""http://www.eea.europa.eu/themes/air/air-quality""}]"
DEBY053,Bayern,DE,2019-12-26T00:00:00.000Z,2019-12-26T01:00:00+01:00,pm25,6.32,µg/m³,49.44591,11.088444,"[{""name"":""EEA"",""url"":""http://www.eea.europa.eu/themes/air/air-quality""}]"
DEBY053,Bayern,DE,2019-12-25T01:00:00.000Z,2019-12-25T02:00:00+01:00,pm25,3.83,µg/m³,49.44591,11.088444,"[{""name"":""EEA"",""url"":""http://www.eea.europa.eu/themes/air/air-quality""}]"
DEBY053,Bayern,DE,2019-12-25T01:00:00.000Z,2019-12-25T02:00:00+01:00,no2,9.94,µg/m³,49.44591,11.088444,"[{""name"":""EEA"",""url"":""http://www.eea.europa.eu/themes/air/air-quality""}]"
DEBY053,Bayern,DE,2019-12-25T00:00:00.000Z,2019-12-25T01:00:00+01:00,no2,16.16,µg/m³,49.44591,11.088444,"[{""name"":""EEA"",""url"":""http://www.eea.europa.eu/themes/air/air-quality""}]"
DEBY053,Bayern,DE,2019-12-25T00:00:00.000Z,2019-12-25T01:00:00+01:00,pm25,3.48,µg/m³,49.44591,11.088444,"[{""name"":""EEA"",""url"":""http://www.eea.europa.eu/themes/air/air-quality""}]"
DEBY053,Bayern,DE,2019-12-24T02:00:00.000Z,2019-12-24T03:00:00+01:00,pm25,0,µg/m³,49.44591,11.088444,"[{""name"":""EEA"",""url"":""http://www.eea.europa.eu/themes/air/air-quality""}]"
DEBY053,Bayern,DE,2019-12-24T02:00:00.000Z,2019-12-24T03:00:00+01:00,no2,0,µg/m³,49.44591,11.088444,"[{""name"":""EEA"",""url"":""http://www.eea.europa.eu/themes/air/air-quality""}]"
DEBY053,Bayern,DE,2019-12-24T01:00:00.000Z,2019-12-24T02:00:00+01:00,no2,0,µg/m³,49.44591,11.088444,"[{""name"":""EEA"",""url"":""http://www.eea.europa.eu/themes/air/air-quality""}]"
DEBY053,Bayern,DE,2019-12-24T01:00:00.000Z,2019-12-24T02:00:00+01:00,pm25,0,µg/m³,49.44591,11.088444,"[{""name"":""EEA"",""url"":""http://www.eea.europa.eu/themes/air/air-quality""}]"
DEBY053,Bayern,DE,2019-12-24T00:00:00.000Z,2019-12-24T01:00:00+01:00,no2,18.9,µg/m³,49.44591,11.088444,"[{""name"":""EEA"",""url"":""http://www.eea.europa.eu/themes/air/air-quality""}]"
DEBY053,Bayern,DE,2019-12-24T00:00:00.000Z,2019-12-24T01:00:00+01:00,pm25,3.71,µg/m³,49.44591,11.088444,"[{""name"":""EEA"",""url"":""http://www.eea.europa.eu/themes/air/air-quality""}]"
DEBY053,Bayern,DE,2019-12-23T02:00:00.000Z,2019-12-23T03:00:00+01:00,no2,0,µg/m³,49.44591,11.088444,"[{""name"":""EEA"",""url"":""http://www.eea.europa.eu/themes/air/air-quality""}]"
DEBY053,Bayern,DE,2019-12-23T02:00:00.000Z,2019-12-23T03:00:00+01:00,pm25,0,µg/m³,49.44591,11.088444,"[{""name"":""EEA"",""url"":""http://www.eea.europa.eu/themes/air/air-quality""}]"
DEBY053,Bayern,DE,2019-12-23T01:00:00.000Z,2019-12-23T02:00:00+01:00,pm25,1.67,µg/m³,49.44591,11.088444,"[{""name"":""EEA"",""url"":""http://www.eea.europa.eu/themes/air/air-quality""}]"
DEBY053,Bayern,DE,2019-12-23T01:00:00.000Z,2019-12-23T02:00:00+01:00,no2,6.88,µg/m³,49.44591,11.088444,"[{""name"":""EEA"",""url"":""http://www.eea.europa.eu/themes/air/air-quality""}]"
DEBY053,Bayern,DE,2019-12-23T00:00:00.000Z,2019-12-23T01:00:00+01:00,no2,8.15,µg/m³,49.44591,11.088444,"[{""name"":""EEA"",""url"":""http://www.eea.europa.eu/themes/air/air-quality""}]"
DEBY053,Bayern,DE,2019-12-23T00:00:00.000Z,2019-12-23T01:00:00+01:00,pm25,1.3,µg/m³,49.44591,11.088444,"[{""name"":""EEA"",""url"":""http://www.eea.europa.eu/themes/air/air-quality""}]"
DEBY053,Bayern,DE,2019-12-22T02:00:00.000Z,2019-12-22T03:00:00+01:00,pm25,0,µg/m³,49.44591,11.088444,"[{""name"":""EEA"",""url"":""http://www.eea.europa.eu/themes/air/air-quality""}]"
DEBY053,Bayern,DE,2019-12-22T02:00:00.000Z,2019-12-22T03:00:00+01:00,no2,0,µg/m³,49.44591,11.088444,"[{""name"":""EEA"",""url"":""http://www.eea.europa.eu/themes/air/air-quality""}]"
DEBY053,Bayern,DE,2019-12-22T01:00:00.000Z,2019-12-22T02:00:00+01:00,pm25,0,µg/m³,49.44591,11.088444,"[{""name"":""EEA"",""url"":""http://www.eea.europa.eu/themes/air/air-quality""}]"
DEBY053,Bayern,DE,2019-12-22T01:00:00.000Z,2019-12-22T02:00:00+01:00,no2,0,µg/m³,49.44591,11.088444,"[{""name"":""EEA"",""url"":""http://www.eea.europa.eu/themes/air/air-quality""}]"
DEBY053,Bayern,DE,2019-12-22T00:00:00.000Z,2019-12-22T01:00:00+01:00,no2,23.84,µg/m³,49.44591,11.088444,"[{""name"":""EEA"",""url"":""http://www.eea.europa.eu/themes/air/air-quality""}]"
DEBY053,Bayern,DE,2019-12-22T00:00:00.000Z,2019-12-22T01:00:00+01:00,pm25,15.62,µg/m³,49.44591,11.088444,"[{""name"":""EEA"",""url"":""http://www.eea.europa.eu/themes/air/air-quality""}]"
DEBY053,Bayern,DE,2019-12-21T02:00:00.000Z,2019-12-21T03:00:00+01:00,no2,0,µg/m³,49.44591,11.088444,"[{""name"":""EEA"",""url"":""http://www.eea.europa.eu/themes/air/air-quality""}]"
DEBY053,Bayern,DE,2019-12-21T02:00:00.000Z,2019-12-21T03:00:00+01:00,pm25,0,µg/m³,49.44591,11.088444,"[{""name"":""EEA"",""url"":""http://www.eea.europa.eu/themes/air/air-quality""}]"
DEBY053,Bayern,DE,2019-12-21T01:00:00.000Z,2019-12-21T02:00:00+01:00,pm25,4.6,µg/m³,49.44591,11.088444,"[{""name"":""EEA"",""url"":""http://www.eea.europa.eu/themes/air/air-quality""}]"
DEBY053,Bayern,DE,2019-12-21T01:00:00.000Z,2019-12-21T02:00:00+01:00,no2,23.3,µg/m³,49.44591,11.088444,"[{""name"":""EEA"",""url"":""http://www.eea.europa.eu/themes/air/air-quality""}]"
DEBY053,Bayern,DE,2019-12-21T00:00:00.000Z,2019-12-21T01:00:00+01:00,no2,37.18,µg/m³,49.44591,11.088444,"[{""name"":""EEA"",""url"":""http://www.eea.europa.eu/themes/air/air-quality""}]"
DEBY053,Bayern,DE,2019-12-21T00:00:00.000Z,2019-12-21T01:00:00+01:00,pm25,6.36,µg/m³,49.44591,11.088444,"[{""name"":""EEA"",""url"":""http://www.eea.europa.eu/themes/air/air-quality""}]"
DEBY053,Bayern,DE,2019-12-20T02:00:00.000Z,2019-12-20T03:00:00+01:00,no2,0,µg/m³,49.44591,11.088444,"[{""name"":""EEA"",""url"":""http://www.eea.europa.eu/themes/air/air-quality""}]"
DEBY053,Bayern,DE,2019-12-20T02:00:00.000Z,2019-12-20T03:00:00+01:00,pm25,0,µg/m³,49.44591,11.088444,"[{""name"":""EEA"",""url"":""http://www.eea.europa.eu/themes/air/air-quality""}]"
DEBY053,Bayern,DE,2019-12-20T01:00:00.000Z,2019-12-20T02:00:00+01:00,pm25,0,µg/m³,49.44591,11.088444,"[{""name"":""EEA"",""url"":""http://www.eea.europa.eu/themes/air/air-quality""}]"
DEBY053,Bayern,DE,2019-12-20T01:00:00.000Z,2019-12-20T02:00:00+01:00,no2,0,µg/m³,49.44591,11.088444,"[{""name"":""EEA"",""url"":""http://www.eea.europa.eu/themes/air/air-quality""}]"
DEBY053,Bayern,DE,2019-12-20T00:00:00.000Z,2019-12-20T01:00:00+01:00,pm25,21.4,µg/m³,49.44591,11.088444,"[{""name"":""EEA"",""url"":""http://www.eea.europa.eu/themes/air/air-quality""}]"
DEBY053,Bayern,DE,2019-12-20T00:00:00.000Z,2019-12-20T01:00:00+01:00,no2,37.97,µg/m³,49.44591,11.088444,"[{""name"":""EEA"",""url"":""http://www.eea.europa.eu/themes/air/air-quality""}]"
DEBY053,Bayern,DE,2019-12-19T02:00:00.000Z,2019-12-19T03:00:00+01:00,no2,0,µg/m³,49.44591,11.088444,"[{""name"":""EEA"",""url"":""http://www.eea.europa.eu/themes/air/air-quality""}]"
DEBY053,Bayern,DE,2019-12-19T02:00:00.000Z,2019-12-19T03:00:00+01:00,pm25,0,µg/m³,49.44591,11.088444,"[{""name"":""EEA"",""url"":""http://www.eea.europa.eu/themes/air/air-quality""}]"
DEBY053,Bayern,DE,2019-12-19T01:00:00.000Z,2019-12-19T02:00:00+01:00,no2,0,µg/m³,49.44591,11.088444,"[{""name"":""EEA"",""url"":""http://www.eea.europa.eu/themes/air/air-quality""}]"
DEBY053,Bayern,DE,2019-12-19T01:00:00.000Z,2019-12-19T02:00:00+01:00,pm25,0,µg/m³,49.44591,11.088444,"[{""name"":""EEA"",""url"":""http://www.eea.europa.eu/themes/air/air-quality""}]"
DEBY053,Bayern,DE,2019-12-19T00:00:00.000Z,2019-12-19T01:00:00+01:00,no2,40.09,µg/m³,49.44591,11.088444,"[{""name"":""EEA"",""url"":""http://www.eea.europa.eu/themes/air/air-quality""}]"
DEBY053,Bayern,DE,2019-12-19T00:00:00.000Z,2019-12-19T01:00:00+01:00,pm25,18.17,µg/m³,49.44591,11.088444,"[{""name"":""EEA"",""url"":""http://www.eea.europa.eu/themes/air/air-quality""}]"
DEBY053,Bayern,DE,2019-12-18T02:00:00.000Z,2019-12-18T03:00:00+01:00,no2,0,µg/m³,49.44591,11.088444,"[{""name"":""EEA"",""url"":""http://www.eea.europa.eu/themes/air/air-quality""}]"
DEBY053,Bayern,DE,2019-12-18T02:00:00.000Z,2019-12-18T03:00:00+01:00,pm25,0,µg/m³,49.44591,11.088444,"[{""name"":""EEA"",""url"":""http://www.eea.europa.eu/themes/air/air-quality""}]"
DEBY053,Bayern,DE,2019-12-18T01:00:00.000Z,2019-12-18T02:00:00+01:00,pm25,0,µg/m³,49.44591,11.088444,"[{""name"":""EEA"",""url"":""http://www.eea.europa.eu/themes/air/air-quality""}]"
DEBY053,Bayern,DE,2019-12-18T01:00:00.000Z,2019-12-18T02:00:00+01:00,no2,0,µg/m³,49.44591,11.088444,"[{""name"":""EEA"",""url"":""http://www.eea.europa.eu/themes/air/air-quality""}]"
DEBY053,Bayern,DE,2019-12-18T00:00:00.000Z,2019-12-18T01:00:00+01:00,no2,37.65,µg/m³,49.44591,11.088444,"[{""name"":""EEA"",""url"":""http://www.eea.europa.eu/themes/air/air-quality""}]"
DEBY053,Bayern,DE,2019-12-18T00:00:00.000Z,2019-12-18T01:00:00+01:00,pm25,19.05,µg/m³,49.44591,11.088444,"[{""name"":""EEA"",""url"":""http://www.eea.europa.eu/themes/air/air-quality""}]"
DEBY053,Bayern,DE,2019-12-17T02:00:00.000Z,2019-12-17T03:00:00+01:00,pm25,0,µg/m³,49.44591,11.088444,"[{""name"":""EEA"",""url"":""http://www.eea.europa.eu/themes/air/air-quality""}]"
DEBY053,Bayern,DE,2019-12-17T02:00:00.000Z,2019-12-17T03:00:00+01:00,no2,0,µg/m³,49.44591,11.088444,"[{""name"":""EEA"",""url"":""http://www.eea.europa.eu/themes/air/air-quality""}]"
DEBY053,Bayern,DE,2019-12-17T01:00:00.000Z,2019-12-17T02:00:00+01:00,pm25,0,µg/m³,49.44591,11.088444,"[{""name"":""EEA"",""url"":""http://www.eea.europa.eu/themes/air/air-quality""}]"
DEBY053,Bayern,DE,2019-12-17T01:00:00.000Z,2019-12-17T02:00:00+01:00,no2,0,µg/m³,49.44591,11.088444,"[{""name"":""EEA"",""url"":""http://www.eea.europa.eu/themes/air/air-quality""}]"
DEBY053,Bayern,DE,2019-12-17T00:00:00.000Z,2019-12-17T01:00:00+01:00,pm25,14.31,µg/m³,49.44591,11.088444,"[{""name"":""EEA"",""url"":""http://www.eea.europa.eu/themes/air/air-quality""}]"
DEBY053,Bayern,DE,2019-12-17T00:00:00.000Z,2019-12-17T01:00:00+01:00,no2,34.72,µg/m³,49.44591,11.088444,"[{""name"":""EEA"",""url"":""http://www.eea.europa.eu/themes/air/air-quality""}]"
DEBY053,Bayern,DE,2019-12-16T02:00:00.000Z,2019-12-16T03:00:00+01:00,pm25,0,µg/m³,49.44591,11.088444,"[{""name"":""EEA"",""url"":""http://www.eea.europa.eu/themes/air/air-quality""}]"
DEBY053,Bayern,DE,2019-12-16T02:00:00.000Z,2019-12-16T03:00:00+01:00,no2,0,µg/m³,49.44591,11.088444,"[{""name"":""EEA"",""url"":""http://www.eea.europa.eu/themes/air/air-quality""}]"
DEBY053,Bayern,DE,2019-12-16T01:00:00.000Z,2019-12-16T02:00:00+01:00,pm25,0,µg/m³,49.44591,11.088444,"[{""name"":""EEA"",""url"":""http://www.eea.europa.eu/themes/air/air-quality""}]"
DEBY053,Bayern,DE,2019-12-16T01:00:00.000Z,2019-12-16T02:00:00+01:00,no2,0,µg/m³,49.44591,11.088444,"[{""name"":""EEA"",""url"":""http://www.eea.europa.eu/themes/air/air-quality""}]"
DEBY053,Bayern,DE,2019-12-16T00:00:00.000Z,2019-12-16T01:00:00+01:00,pm25,3.46,µg/m³,49.44591,11.088444,"[{""name"":""EEA"",""url"":""http://www.eea.europa.eu/themes/air/air-quality""}]"
DEBY053,Bayern,DE,2019-12-16T00:00:00.000Z,2019-12-16T01:00:00+01:00,no2,19.38,µg/m³,49.44591,11.088444,"[{""name"":""EEA"",""url"":""http://www.eea.europa.eu/themes/air/air-quality""}]"
DEBY053,Bayern,DE,2019-12-15T02:00:00.000Z,2019-12-15T03:00:00+01:00,pm25,0,µg/m³,49.44591,11.088444,"[{""name"":""EEA"",""url"":""http://www.eea.europa.eu/themes/air/air-quality""}]"
DEBY053,Bayern,DE,2019-12-15T02:00:00.000Z,2019-12-15T03:00:00+01:00,no2,0,µg/m³,49.44591,11.088444,"[{""name"":""EEA"",""url"":""http://www.eea.europa.eu/themes/air/air-quality""}]"
DEBY053,Bayern,DE,2019-12-15T01:00:00.000Z,2019-12-15T02:00:00+01:00,pm25,0,µg/m³,49.44591,11.088444,"[{""name"":""EEA"",""url"":""http://www.eea.europa.eu/themes/air/air-quality""}]"
DEBY053,Bayern,DE,2019-12-15T01:00:00.000Z,2019-12-15T02:00:00+01:00,no2,0,µg/m³,49.44591,11.088444,"[{""name"":""EEA"",""url"":""http://www.eea.europa.eu/themes/air/air-quality""}]"
DEBY053,Bayern,DE,2019-12-15T00:00:00.000Z,2019-12-15T01:00:00+01:00,no2,24.95,µg/m³,49.44591,11.088444,"[{""name"":""EEA"",""url"":""http://www.eea.europa.eu/themes/air/air-quality""}]"
DEBY053,Bayern,DE,2019-12-15T00:00:00.000Z,2019-12-15T01:00:00+01:00,pm25,5.54,µg/m³,49.44591,11.088444,"[{""name"":""EEA"",""url"":""http://www.eea.europa.eu/themes/air/air-quality""}]"
DEBY053,Bayern,DE,2019-12-14T02:00:00.000Z,2019-12-14T03:00:00+01:00,no2,0,µg/m³,49.44591,11.088444,"[{""name"":""EEA"",""url"":""http://www.eea.europa.eu/themes/air/air-quality""}]"
DEBY053,Bayern,DE,2019-12-14T02:00:00.000Z,2019-12-14T03:00:00+01:00,pm25,0,µg/m³,49.44591,11.088444,"[{""name"":""EEA"",""url"":""http://www.eea.europa.eu/themes/air/air-quality""}]"
DEBY053,Bayern,DE,2019-12-14T01:00:00.000Z,2019-12-14T02:00:00+01:00,pm25,2.16,µg/m³,49.44591,11.088444,"[{""name"":""EEA"",""url"":""http://www.eea.europa.eu/themes/air/air-quality""}]"
DEBY053,Bayern,DE,2019-12-14T01:00:00.000Z,2019-12-14T02:00:00+01:00,no2,11.03,µg/m³,49.44591,11.088444,"[{""name"":""EEA"",""url"":""http://www.eea.europa.eu/themes/air/air-quality""}]"
DEBY053,Bayern,DE,2019-12-14T00:00:00.000Z,2019-12-14T01:00:00+01:00,pm25,1.79,µg/m³,49.44591,11.088444,"[{""name"":""EEA"",""url"":""http://www.eea.europa.eu/themes/air/air-quality""}]"
DEBY053,Bayern,DE,2019-12-14T00:00:00.000Z,2019-12-14T01:00:00+01:00,no2,12.69,µg/m³,49.44591,11.088444,"[{""name"":""EEA"",""url"":""http://www.eea.europa.eu/themes/air/air-quality""}]"
DEBY053,Bayern,DE,2019-12-13T02:00:00.000Z,2019-12-13T03:00:00+01:00,pm25,0,µg/m³,49.44591,11.088444,"[{""name"":""EEA"",""url"":""http://www.eea.europa.eu/themes/air/air-quality""}]"
DEBY053,Bayern,DE,2019-12-13T02:00:00.000Z,2019-12-13T03:00:00+01:00,no2,0,µg/m³,49.44591,11.088444,"[{""name"":""EEA"",""url"":""http://www.eea.europa.eu/themes/air/air-quality""}]"
DEBY053,Bayern,DE,2019-12-13T01:00:00.000Z,2019-12-13T02:00:00+01:00,pm25,7.32,µg/m³,49.44591,11.088444,"[{""name"":""EEA"",""url"":""http://www.eea.europa.eu/themes/air/air-quality""}]"
DEBY053,Bayern,DE,2019-12-13T01:00:00.000Z,2019-12-13T02:00:00+01:00,no2,17.44,µg/m³,49.44591,11.088444,"[{""name"":""EEA"",""url"":""http://www.eea.europa.eu/themes/air/air-quality""}]"
DEBY053,Bayern,DE,2019-12-13T00:00:00.000Z,2019-12-13T01:00:00+01:00,no2,18.95,µg/m³,49.44591,11.088444,"[{""name"":""EEA"",""url"":""http://www.eea.europa.eu/themes/air/air-quality""}]"
DEBY053,Bayern,DE,2019-12-13T00:00:00.000Z,2019-12-13T01:00:00+01:00,pm25,7.72,µg/m³,49.44591,11.088444,"[{""name"":""EEA"",""url"":""http://www.eea.europa.eu/themes/air/air-quality""}]"
DEBY053,Bayern,DE,2019-12-12T02:00:00.000Z,2019-12-12T03:00:00+01:00,no2,0,µg/m³,49.44591,11.088444,"[{""name"":""EEA"",""url"":""http://www.eea.europa.eu/themes/air/air-quality""}]"
DEBY053,Bayern,DE,2019-12-12T02:00:00.000Z,2019-12-12T03:00:00+01:00,pm25,0,µg/m³,49.44591,11.088444,"[{""name"":""EEA"",""url"":""http://www.eea.europa.eu/themes/air/air-quality""}]"
DEBY053,Bayern,DE,2019-12-12T01:00:00.000Z,2019-12-12T02:00:00+01:00,pm25,0,µg/m³,49.44591,11.088444,"[{""name"":""EEA"",""url"":""http://www.eea.europa.eu/themes/air/air-quality""}]"
DEBY053,Bayern,DE,2019-12-12T01:00:00.000Z,2019-12-12T02:00:00+01:00,no2,0,µg/m³,49.44591,11.088444,"[{""name"":""EEA"",""url"":""http://www.eea.europa.eu/themes/air/air-quality""}]"
DEBY053,Bayern,DE,2019-12-12T00:00:00.000Z,2019-12-12T01:00:00+01:00,pm25,15,µg/m³,49.44591,11.088444,"[{""name"":""EEA"",""url"":""http://www.eea.europa.eu/themes/air/air-quality""}]"
DEBY053,Bayern,DE,2019-12-12T00:00:00.000Z,2019-12-12T01:00:00+01:00,no2,44.3,µg/m³,49.44591,11.088444,"[{""name"":""EEA"",""url"":""http://www.eea.europa.eu/themes/air/air-quality""}]"
DEBY053,Bayern,DE,2019-12-11T02:00:00.000Z,2019-12-11T03:00:00+01:00,no2,0,µg/m³,49.44591,11.088444,"[{""name"":""EEA"",""url"":""http://www.eea.europa.eu/themes/air/air-quality""}]"
DEBY053,Bayern,DE,2019-12-11T02:00:00.000Z,2019-12-11T03:00:00+01:00,pm25,0,µg/m³,49.44591,11.088444,"[{""name"":""EEA"",""url"":""http://www.eea.europa.eu/themes/air/air-quality""}]"
DEBY053,Bayern,DE,2019-12-11T01:00:00.000Z,2019-12-11T02:00:00+01:00,no2,0,µg/m³,49.44591,11.088444,"[{""name"":""EEA"",""url"":""http://www.eea.europa.eu/themes/air/air-quality""}]"
DEBY053,Bayern,DE,2019-12-11T01:00:00.000Z,2019-12-11T02:00:00+01:00,pm25,0,µg/m³,49.44591,11.088444,"[{""name"":""EEA"",""url"":""http://www.eea.europa.eu/themes/air/air-quality""}]"
DEBY053,Bayern,DE,2019-12-11T00:00:00.000Z,2019-12-11T01:00:00+01:00,no2,36.19,µg/m³,49.44591,11.088444,"[{""name"":""EEA"",""url"":""http://www.eea.europa.eu/themes/air/air-quality""}]"
DEBY053,Bayern,DE,2019-12-11T00:00:00.000Z,2019-12-11T01:00:00+01:00,pm25,8.75,µg/m³,49.44591,11.088444,"[{""name"":""EEA"",""url"":""http://www.eea.europa.eu/themes/air/air-quality""}]"
DEBY053,Bayern,DE,2019-12-10T02:00:00.000Z,2019-12-10T03:00:00+01:00,no2,0,µg/m³,49.44591,11.088444,"[{""name"":""EEA"",""url"":""http://www.eea.europa.eu/themes/air/air-quality""}]"
DEBY053,Bayern,DE,2019-12-10T02:00:00.000Z,2019-12-10T03:00:00+01:00,pm25,0,µg/m³,49.44591,11.088444,"[{""name"":""EEA"",""url"":""http://www.eea.europa.eu/themes/air/air-quality""}]"
DEBY053,Bayern,DE,2019-12-10T01:00:00.000Z,2019-12-10T02:00:00+01:00,pm25,0,µg/m³,49.44591,11.088444,"[{""name"":""EEA"",""url"":""http://www.eea.europa.eu/themes/air/air-quality""}]"
DEBY053,Bayern,DE,2019-12-10T01:00:00.000Z,2019-12-10T02:00:00+01:00,no2,0,µg/m³,49.44591,11.088444,"[{""name"":""EEA"",""url"":""http://www.eea.europa.eu/themes/air/air-quality""}]"
DEBY053,Bayern,DE,2019-12-10T00:00:00.000Z,2019-12-10T01:00:00+01:00,pm25,3.79,µg/m³,49.44591,11.088444,"[{""name"":""EEA"",""url"":""http://www.eea.europa.eu/themes/air/air-quality""}]"
DEBY053,Bayern,DE,2019-12-10T00:00:00.000Z,2019-12-10T01:00:00+01:00,no2,12.44,µg/m³,49.44591,11.088444,"[{""name"":""EEA"",""url"":""http://www.eea.europa.eu/themes/air/air-quality""}]"
DEBY053,Bayern,DE,2019-12-09T02:00:00.000Z,2019-12-09T03:00:00+01:00,no2,0,µg/m³,49.44591,11.088444,"[{""name"":""EEA"",""url"":""http://www.eea.europa.eu/themes/air/air-quality""}]"
DEBY053,Bayern,DE,2019-12-09T02:00:00.000Z,2019-12-09T03:00:00+01:00,pm25,0,µg/m³,49.44591,11.088444,"[{""name"":""EEA"",""url"":""http://www.eea.europa.eu/themes/air/air-quality""}]"
DEBY053,Bayern,DE,2019-12-09T01:00:00.000Z,2019-12-09T02:00:00+01:00,no2,0,µg/m³,49.44591,11.088444,"[{""name"":""EEA"",""url"":""http://www.eea.europa.eu/themes/air/air-quality""}]"
DEBY053,Bayern,DE,2019-12-09T01:00:00.000Z,2019-12-09T02:00:00+01:00,pm25,0,µg/m³,49.44591,11.088444,"[{""name"":""EEA"",""url"":""http://www.eea.europa.eu/themes/air/air-quality""}]"
DEBY053,Bayern,DE,2019-12-09T00:00:00.000Z,2019-12-09T01:00:00+01:00,no2,12.32,µg/m³,49.44591,11.088444,"[{""name"":""EEA"",""url"":""http://www.eea.europa.eu/themes/air/air-quality""}]"
DEBY053,Bayern,DE,2019-12-09T00:00:00.000Z,2019-12-09T01:00:00+01:00,pm25,2.95,µg/m³,49.44591,11.088444,"[{""name"":""EEA"",""url"":""http://www.eea.europa.eu/themes/air/air-quality""}]"
DEBY053,Bayern,DE,2019-12-08T02:00:00.000Z,2019-12-08T03:00:00+01:00,no2,0,µg/m³,49.44591,11.088444,"[{""name"":""EEA"",""url"":""http://www.eea.europa.eu/themes/air/air-quality""}]"
DEBY053,Bayern,DE,2019-12-08T02:00:00.000Z,2019-12-08T03:00:00+01:00,pm25,0,µg/m³,49.44591,11.088444,"[{""name"":""EEA"",""url"":""http://www.eea.europa.eu/themes/air/air-quality""}]"
DEBY053,Bayern,DE,2019-12-08T01:00:00.000Z,2019-12-08T02:00:00+01:00,pm25,0,µg/m³,49.44591,11.088444,"[{""name"":""EEA"",""url"":""http://www.eea.europa.eu/themes/air/air-quality""}]"
DEBY053,Bayern,DE,2019-12-08T01:00:00.000Z,2019-12-08T02:00:00+01:00,no2,0,µg/m³,49.44591,11.088444,"[{""name"":""EEA"",""url"":""http://www.eea.europa.eu/themes/air/air-quality""}]"
DEBY053,Bayern,DE,2019-12-08T00:00:00.000Z,2019-12-08T01:00:00+01:00,no2,16.36,µg/m³,49.44591,11.088444,"[{""name"":""EEA"",""url"":""http://www.eea.europa.eu/themes/air/air-quality""}]"
DEBY053,Bayern,DE,2019-12-08T00:00:00.000Z,2019-12-08T01:00:00+01:00,pm25,5.55,µg/m³,49.44591,11.088444,"[{""name"":""EEA"",""url"":""http://www.eea.europa.eu/themes/air/air-quality""}]"
DEBY053,Bayern,DE,2019-12-07T02:00:00.000Z,2019-12-07T03:00:00+01:00,pm25,0,µg/m³,49.44591,11.088444,"[{""name"":""EEA"",""url"":""http://www.eea.europa.eu/themes/air/air-quality""}]"
DEBY053,Bayern,DE,2019-12-07T02:00:00.000Z,2019-12-07T03:00:00+01:00,no2,0,µg/m³,49.44591,11.088444,"[{""name"":""EEA"",""url"":""http://www.eea.europa.eu/themes/air/air-quality""}]"
DEBY053,Bayern,DE,2019-12-07T01:00:00.000Z,2019-12-07T02:00:00+01:00,pm25,10.97,µg/m³,49.44591,11.088444,"[{""name"":""EEA"",""url"":""http://www.eea.europa.eu/themes/air/air-quality""}]"
DEBY053,Bayern,DE,2019-12-07T01:00:00.000Z,2019-12-07T02:00:00+01:00,no2,31.37,µg/m³,49.44591,11.088444,"[{""name"":""EEA"",""url"":""http://www.eea.europa.eu/themes/air/air-quality""}]"
DEBY053,Bayern,DE,2019-12-07T00:00:00.000Z,2019-12-07T01:00:00+01:00,no2,29.82,µg/m³,49.44591,11.088444,"[{""name"":""EEA"",""url"":""http://www.eea.europa.eu/themes/air/air-quality""}]"
DEBY053,Bayern,DE,2019-12-07T00:00:00.000Z,2019-12-07T01:00:00+01:00,pm25,11.61,µg/m³,49.44591,11.088444,"[{""name"":""EEA"",""url"":""http://www.eea.europa.eu/themes/air/air-quality""}]"
DEBY053,Bayern,DE,2019-12-06T02:00:00.000Z,2019-12-06T03:00:00+01:00,pm25,0,µg/m³,49.44591,11.088444,"[{""name"":""EEA"",""url"":""http://www.eea.europa.eu/themes/air/air-quality""}]"
DEBY053,Bayern,DE,2019-12-06T02:00:00.000Z,2019-12-06T03:00:00+01:00,no2,0,µg/m³,49.44591,11.088444,"[{""name"":""EEA"",""url"":""http://www.eea.europa.eu/themes/air/air-quality""}]"
DEBY053,Bayern,DE,2019-12-06T01:00:00.000Z,2019-12-06T02:00:00+01:00,pm25,0,µg/m³,49.44591,11.088444,"[{""name"":""EEA"",""url"":""http://www.eea.europa.eu/themes/air/air-quality""}]"
DEBY053,Bayern,DE,2019-12-06T01:00:00.000Z,2019-12-06T02:00:00+01:00,no2,0,µg/m³,49.44591,11.088444,"[{""name"":""EEA"",""url"":""http://www.eea.europa.eu/themes/air/air-quality""}]"
DEBY053,Bayern,DE,2019-12-06T00:00:00.000Z,2019-12-06T01:00:00+01:00,pm25,22.38,µg/m³,49.44591,11.088444,"[{""name"":""EEA"",""url"":""http://www.eea.europa.eu/themes/air/air-quality""}]"
DEBY053,Bayern,DE,2019-12-06T00:00:00.000Z,2019-12-06T01:00:00+01:00,no2,26.71,µg/m³,49.44591,11.088444,"[{""name"":""EEA"",""url"":""http://www.eea.europa.eu/themes/air/air-quality""}]"
DEBY053,Bayern,DE,2019-12-05T02:00:00.000Z,2019-12-05T03:00:00+01:00,no2,0,µg/m³,49.44591,11.088444,"[{""name"":""EEA"",""url"":""http://www.eea.europa.eu/themes/air/air-quality""}]"
DEBY053,Bayern,DE,2019-12-05T02:00:00.000Z,2019-12-05T03:00:00+01:00,pm25,0,µg/m³,49.44591,11.088444,"[{""name"":""EEA"",""url"":""http://www.eea.europa.eu/themes/air/air-quality""}]"
DEBY053,Bayern,DE,2019-12-05T01:00:00.000Z,2019-12-05T02:00:00+01:00,pm25,0,µg/m³,49.44591,11.088444,"[{""name"":""EEA"",""url"":""http://www.eea.europa.eu/themes/air/air-quality""}]"
DEBY053,Bayern,DE,2019-12-05T01:00:00.000Z,2019-12-05T02:00:00+01:00,no2,0,µg/m³,49.44591,11.088444,"[{""name"":""EEA"",""url"":""http://www.eea.europa.eu/themes/air/air-quality""}]"
DEBY053,Bayern,DE,2019-12-05T00:00:00.000Z,2019-12-05T01:00:00+01:00,no2,38.76,µg/m³,49.44591,11.088444,"[{""name"":""EEA"",""url"":""http://www.eea.europa.eu/themes/air/air-quality""}]"
DEBY053,Bayern,DE,2019-12-05T00:00:00.000Z,2019-12-05T01:00:00+01:00,pm25,20.74,µg/m³,49.44591,11.088444,"[{""name"":""EEA"",""url"":""http://www.eea.europa.eu/themes/air/air-quality""}]"
DEBY053,Bayern,DE,2019-12-04T02:00:00.000Z,2019-12-04T03:00:00+01:00,pm25,0,µg/m³,49.44591,11.088444,"[{""name"":""EEA"",""url"":""http://www.eea.europa.eu/themes/air/air-quality""}]"
DEBY053,Bayern,DE,2019-12-04T02:00:00.000Z,2019-12-04T03:00:00+01:00,no2,0,µg/m³,49.44591,11.088444,"[{""name"":""EEA"",""url"":""http://www.eea.europa.eu/themes/air/air-quality""}]"
DEBY053,Bayern,DE,2019-12-04T01:00:00.000Z,2019-12-04T02:00:00+01:00,pm25,0,µg/m³,49.44591,11.088444,"[{""name"":""EEA"",""url"":""http://www.eea.europa.eu/themes/air/air-quality""}]"
DEBY053,Bayern,DE,2019-12-04T01:00:00.000Z,2019-12-04T02:00:00+01:00,no2,0,µg/m³,49.44591,11.088444,"[{""name"":""EEA"",""url"":""http://www.eea.europa.eu/themes/air/air-quality""}]"
DEBY053,Bayern,DE,2019-12-04T00:00:00.000Z,2019-12-04T01:00:00+01:00,pm25,11.26,µg/m³,49.44591,11.088444,"[{""name"":""EEA"",""url"":""http://www.eea.europa.eu/themes/air/air-quality""}]"
DEBY053,Bayern,DE,2019-12-04T00:00:00.000Z,2019-12-04T01:00:00+01:00,no2,48.89,µg/m³,49.44591,11.088444,"[{""name"":""EEA"",""url"":""http://www.eea.europa.eu/themes/air/air-quality""}]"
DEBY053,Bayern,DE,2019-12-03T02:00:00.000Z,2019-12-03T03:00:00+01:00,no2,0,µg/m³,49.44591,11.088444,"[{""name"":""EEA"",""url"":""http://www.eea.europa.eu/themes/air/air-quality""}]"
DEBY053,Bayern,DE,2019-12-03T02:00:00.000Z,2019-12-03T03:00:00+01:00,pm25,0,µg/m³,49.44591,11.088444,"[{""name"":""EEA"",""url"":""http://www.eea.europa.eu/themes/air/air-quality""}]"
DEBY053,Bayern,DE,2019-12-03T01:00:00.000Z,2019-12-03T02:00:00+01:00,no2,0,µg/m³,49.44591,11.088444,"[{""name"":""EEA"",""url"":""http://www.eea.europa.eu/themes/air/air-quality""}]"
DEBY053,Bayern,DE,2019-12-03T01:00:00.000Z,2019-12-03T02:00:00+01:00,pm25,0,µg/m³,49.44591,11.088444,"[{""name"":""EEA"",""url"":""http://www.eea.europa.eu/themes/air/air-quality""}]"
DEBY053,Bayern,DE,2019-12-03T00:00:00.000Z,2019-12-03T01:00:00+01:00,pm25,11.4,µg/m³,49.44591,11.088444,"[{""name"":""EEA"",""url"":""http://www.eea.europa.eu/themes/air/air-quality""}]"
DEBY053,Bayern,DE,2019-12-03T00:00:00.000Z,2019-12-03T01:00:00+01:00,no2,33.83,µg/m³,49.44591,11.088444,"[{""name"":""EEA"",""url"":""http://www.eea.europa.eu/themes/air/air-quality""}]"
DEBY053,Bayern,DE,2019-12-02T02:00:00.000Z,2019-12-02T03:00:00+01:00,pm25,0,µg/m³,49.44591,11.088444,"[{""name"":""EEA"",""url"":""http://www.eea.europa.eu/themes/air/air-quality""}]"
DEBY053,Bayern,DE,2019-12-02T02:00:00.000Z,2019-12-02T03:00:00+01:00,no2,0,µg/m³,49.44591,11.088444,"[{""name"":""EEA"",""url"":""http://www.eea.europa.eu/themes/air/air-quality""}]"
DEBY053,Bayern,DE,2019-12-02T01:00:00.000Z,2019-12-02T02:00:00+01:00,no2,0,µg/m³,49.44591,11.088444,"[{""name"":""EEA"",""url"":""http://www.eea.europa.eu/themes/air/air-quality""}]"
DEBY053,Bayern,DE,2019-12-02T01:00:00.000Z,2019-12-02T02:00:00+01:00,pm25,0,µg/m³,49.44591,11.088444,"[{""name"":""EEA"",""url"":""http://www.eea.europa.eu/themes/air/air-quality""}]"
DEBY053,Bayern,DE,2019-12-02T00:00:00.000Z,2019-12-02T01:00:00+01:00,no2,25.79,µg/m³,49.44591,11.088444,"[{""name"":""EEA"",""url"":""http://www.eea.europa.eu/themes/air/air-quality""}]"
DEBY053,Bayern,DE,2019-12-02T00:00:00.000Z,2019-12-02T01:00:00+01:00,pm25,15.26,µg/m³,49.44591,11.088444,"[{""name"":""EEA"",""url"":""http://www.eea.europa.eu/themes/air/air-quality""}]"
DEBY053,Bayern,DE,2019-12-01T02:00:00.000Z,2019-12-01T03:00:00+01:00,no2,0,µg/m³,49.44591,11.088444,"[{""name"":""EEA"",""url"":""http://www.eea.europa.eu/themes/air/air-quality""}]"
DEBY053,Bayern,DE,2019-12-01T02:00:00.000Z,2019-12-01T03:00:00+01:00,pm25,0,µg/m³,49.44591,11.088444,"[{""name"":""EEA"",""url"":""http://www.eea.europa.eu/themes/air/air-quality""}]"
DEBY053,Bayern,DE,2019-12-01T01:00:00.000Z,2019-12-01T02:00:00+01:00,pm25,0,µg/m³,49.44591,11.088444,"[{""name"":""EEA"",""url"":""http://www.eea.europa.eu/themes/air/air-quality""}]"
DEBY053,Bayern,DE,2019-12-01T01:00:00.000Z,2019-12-01T02:00:00+01:00,no2,0,µg/m³,49.44591,11.088444,"[{""name"":""EEA"",""url"":""http://www.eea.europa.eu/themes/air/air-quality""}]"
DEBY053,Bayern,DE,2019-12-01T00:00:00.000Z,2019-12-01T01:00:00+01:00,no2,40.98,µg/m³,49.44591,11.088444,"[{""name"":""EEA"",""url"":""http://www.eea.europa.eu/themes/air/air-quality""}]"
DEBY053,Bayern,DE,2019-12-01T00:00:00.000Z,2019-12-01T01:00:00+01:00,pm25,16.08,µg/m³,49.44591,11.088444,"[{""name"":""EEA"",""url"":""http://www.eea.europa.eu/themes/air/air-quality""}]"
DEBY053,Bayern,DE,2019-11-30T02:00:00.000Z,2019-11-30T03:00:00+01:00,pm25,0,µg/m³,49.44591,11.088444,"[{""name"":""EEA"",""url"":""http://www.eea.europa.eu/themes/air/air-quality""}]"
DEBY053,Bayern,DE,2019-11-30T02:00:00.000Z,2019-11-30T03:00:00+01:00,no2,0,µg/m³,49.44591,11.088444,"[{""name"":""EEA"",""url"":""http://www.eea.europa.eu/themes/air/air-quality""}]"
DEBY053,Bayern,DE,2019-11-30T01:00:00.000Z,2019-11-30T02:00:00+01:00,pm25,0,µg/m³,49.44591,11.088444,"[{""name"":""EEA"",""url"":""http://www.eea.europa.eu/themes/air/air-quality""}]"
DEBY053,Bayern,DE,2019-11-30T01:00:00.000Z,2019-11-30T02:00:00+01:00,no2,0,µg/m³,49.44591,11.088444,"[{""name"":""EEA"",""url"":""http://www.eea.europa.eu/themes/air/air-quality""}]"
DEBY053,Bayern,DE,2019-11-30T00:00:00.000Z,2019-11-30T01:00:00+01:00,no2,32.85,µg/m³,49.44591,11.088444,"[{""name"":""EEA"",""url"":""http://www.eea.europa.eu/themes/air/air-quality""}]"
DEBY053,Bayern,DE,2019-11-30T00:00:00.000Z,2019-11-30T01:00:00+01:00,pm25,6.24,µg/m³,49.44591,11.088444,"[{""name"":""EEA"",""url"":""http://www.eea.europa.eu/themes/air/air-quality""}]"
DEBY053,Bayern,DE,2019-11-29T02:00:00.000Z,2019-11-29T03:00:00+01:00,no2,0,µg/m³,49.44591,11.088444,"[{""name"":""EEA"",""url"":""http://www.eea.europa.eu/themes/air/air-quality""}]"
DEBY053,Bayern,DE,2019-11-29T02:00:00.000Z,2019-11-29T03:00:00+01:00,pm25,0,µg/m³,49.44591,11.088444,"[{""name"":""EEA"",""url"":""http://www.eea.europa.eu/themes/air/air-quality""}]"
DEBY053,Bayern,DE,2019-11-29T01:00:00.000Z,2019-11-29T02:00:00+01:00,no2,0,µg/m³,49.44591,11.088444,"[{""name"":""EEA"",""url"":""http://www.eea.europa.eu/themes/air/air-quality""}]"
DEBY053,Bayern,DE,2019-11-29T01:00:00.000Z,2019-11-29T02:00:00+01:00,pm25,0,µg/m³,49.44591,11.088444,"[{""name"":""EEA"",""url"":""http://www.eea.europa.eu/themes/air/air-quality""}]"
DEBY053,Bayern,DE,2019-11-29T00:00:00.000Z,2019-11-29T01:00:00+01:00,pm25,3.23,µg/m³,49.44591,11.088444,"[{""name"":""EEA"",""url"":""http://www.eea.europa.eu/themes/air/air-quality""}]"
DEBY053,Bayern,DE,2019-11-29T00:00:00.000Z,2019-11-29T01:00:00+01:00,no2,8.91,µg/m³,49.44591,11.088444,"[{""name"":""EEA"",""url"":""http://www.eea.europa.eu/themes/air/air-quality""}]"
DEBY053,Bayern,DE,2019-11-28T02:00:00.000Z,2019-11-28T03:00:00+01:00,pm25,0,µg/m³,49.44591,11.088444,"[{""name"":""EEA"",""url"":""http://www.eea.europa.eu/themes/air/air-quality""}]"
DEBY053,Bayern,DE,2019-11-28T02:00:00.000Z,2019-11-28T03:00:00+01:00,no2,0,µg/m³,49.44591,11.088444,"[{""name"":""EEA"",""url"":""http://www.eea.europa.eu/themes/air/air-quality""}]"
DEBY053,Bayern,DE,2019-11-28T01:00:00.000Z,2019-11-28T02:00:00+01:00,pm25,0,µg/m³,49.44591,11.088444,"[{""name"":""EEA"",""url"":""http://www.eea.europa.eu/themes/air/air-quality""}]"
DEBY053,Bayern,DE,2019-11-28T01:00:00.000Z,2019-11-28T02:00:00+01:00,no2,0,µg/m³,49.44591,11.088444,"[{""name"":""EEA"",""url"":""http://www.eea.europa.eu/themes/air/air-quality""}]"
DEBY053,Bayern,DE,2019-11-28T00:00:00.000Z,2019-11-28T01:00:00+01:00,no2,19.4,µg/m³,49.44591,11.088444,"[{""name"":""EEA"",""url"":""http://www.eea.europa.eu/themes/air/air-quality""}]"
DEBY053,Bayern,DE,2019-11-28T00:00:00.000Z,2019-11-28T01:00:00+01:00,pm25,2.19,µg/m³,49.44591,11.088444,"[{""name"":""EEA"",""url"":""http://www.eea.europa.eu/themes/air/air-quality""}]"
DEBY053,Bayern,DE,2019-11-27T02:00:00.000Z,2019-11-27T03:00:00+01:00,pm25,0,µg/m³,49.44591,11.088444,"[{""name"":""EEA"",""url"":""http://www.eea.europa.eu/themes/air/air-quality""}]"
DEBY053,Bayern,DE,2019-11-27T02:00:00.000Z,2019-11-27T03:00:00+01:00,no2,0,µg/m³,49.44591,11.088444,"[{""name"":""EEA"",""url"":""http://www.eea.europa.eu/themes/air/air-quality""}]"
DEBY053,Bayern,DE,2019-11-27T01:00:00.000Z,2019-11-27T02:00:00+01:00,pm25,9.79,µg/m³,49.44591,11.088444,"[{""name"":""EEA"",""url"":""http://www.eea.europa.eu/themes/air/air-quality""}]"
DEBY053,Bayern,DE,2019-11-27T01:00:00.000Z,2019-11-27T02:00:00+01:00,no2,24.68,µg/m³,49.44591,11.088444,"[{""name"":""EEA"",""url"":""http://www.eea.europa.eu/themes/air/air-quality""}]"
DEBY053,Bayern,DE,2019-11-27T00:00:00.000Z,2019-11-27T01:00:00+01:00,pm25,10.89,µg/m³,49.44591,11.088444,"[{""name"":""EEA"",""url"":""http://www.eea.europa.eu/themes/air/air-quality""}]"
DEBY053,Bayern,DE,2019-11-27T00:00:00.000Z,2019-11-27T01:00:00+01:00,no2,23.25,µg/m³,49.44591,11.088444,"[{""name"":""EEA"",""url"":""http://www.eea.europa.eu/themes/air/air-quality""}]"
DEBY053,Bayern,DE,2019-11-26T02:00:00.000Z,2019-11-26T03:00:00+01:00,no2,0,µg/m³,49.44591,11.088444,"[{""name"":""EEA"",""url"":""http://www.eea.europa.eu/themes/air/air-quality""}]"
DEBY053,Bayern,DE,2019-11-26T02:00:00.000Z,2019-11-26T03:00:00+01:00,pm25,0,µg/m³,49.44591,11.088444,"[{""name"":""EEA"",""url"":""http://www.eea.europa.eu/themes/air/air-quality""}]"
DEBY053,Bayern,DE,2019-11-26T01:00:00.000Z,2019-11-26T02:00:00+01:00,pm25,9.04,µg/m³,49.44591,11.088444,"[{""name"":""EEA"",""url"":""http://www.eea.europa.eu/themes/air/air-quality""}]"
DEBY053,Bayern,DE,2019-11-26T01:00:00.000Z,2019-11-26T02:00:00+01:00,no2,28.2,µg/m³,49.44591,11.088444,"[{""name"":""EEA"",""url"":""http://www.eea.europa.eu/themes/air/air-quality""}]"
DEBY053,Bayern,DE,2019-11-26T00:00:00.000Z,2019-11-26T01:00:00+01:00,pm25,8.98,µg/m³,49.44591,11.088444,"[{""name"":""EEA"",""url"":""http://www.eea.europa.eu/themes/air/air-quality""}]"
DEBY053,Bayern,DE,2019-11-26T00:00:00.000Z,2019-11-26T01:00:00+01:00,no2,27.78,µg/m³,49.44591,11.088444,"[{""name"":""EEA"",""url"":""http://www.eea.europa.eu/themes/air/air-quality""}]"
DEBY053,Bayern,DE,2019-11-25T02:00:00.000Z,2019-11-25T03:00:00+01:00,pm25,0,µg/m³,49.44591,11.088444,"[{""name"":""EEA"",""url"":""http://www.eea.europa.eu/themes/air/air-quality""}]"
DEBY053,Bayern,DE,2019-11-25T02:00:00.000Z,2019-11-25T03:00:00+01:00,no2,0,µg/m³,49.44591,11.088444,"[{""name"":""EEA"",""url"":""http://www.eea.europa.eu/themes/air/air-quality""}]"
DEBY053,Bayern,DE,2019-11-25T01:00:00.000Z,2019-11-25T02:00:00+01:00,pm25,17.6,µg/m³,49.44591,11.088444,"[{""name"":""EEA"",""url"":""http://www.eea.europa.eu/themes/air/air-quality""}]"
DEBY053,Bayern,DE,2019-11-25T01:00:00.000Z,2019-11-25T02:00:00+01:00,no2,18.35,µg/m³,49.44591,11.088444,"[{""name"":""EEA"",""url"":""http://www.eea.europa.eu/themes/air/air-quality""}]"
DEBY053,Bayern,DE,2019-11-25T00:00:00.000Z,2019-11-25T01:00:00+01:00,no2,20.89,µg/m³,49.44591,11.088444,"[{""name"":""EEA"",""url"":""http://www.eea.europa.eu/themes/air/air-quality""}]"
DEBY053,Bayern,DE,2019-11-25T00:00:00.000Z,2019-11-25T01:00:00+01:00,pm25,19.75,µg/m³,49.44591,11.088444,"[{""name"":""EEA"",""url"":""http://www.eea.europa.eu/themes/air/air-quality""}]"
DEBY053,Bayern,DE,2019-11-24T02:00:00.000Z,2019-11-24T03:00:00+01:00,pm25,0,µg/m³,49.44591,11.088444,"[{""name"":""EEA"",""url"":""http://www.eea.europa.eu/themes/air/air-quality""}]"
DEBY053,Bayern,DE,2019-11-24T02:00:00.000Z,2019-11-24T03:00:00+01:00,no2,0,µg/m³,49.44591,11.088444,"[{""name"":""EEA"",""url"":""http://www.eea.europa.eu/themes/air/air-quality""}]"
DEBY053,Bayern,DE,2019-11-24T01:00:00.000Z,2019-11-24T02:00:00+01:00,pm25,18.17,µg/m³,49.44591,11.088444,"[{""name"":""EEA"",""url"":""http://www.eea.europa.eu/themes/air/air-quality""}]"
DEBY053,Bayern,DE,2019-11-24T01:00:00.000Z,2019-11-24T02:00:00+01:00,no2,28.69,µg/m³,49.44591,11.088444,"[{""name"":""EEA"",""url"":""http://www.eea.europa.eu/themes/air/air-quality""}]"
DEBY053,Bayern,DE,2019-11-24T00:00:00.000Z,2019-11-24T01:00:00+01:00,no2,26.26,µg/m³,49.44591,11.088444,"[{""name"":""EEA"",""url"":""http://www.eea.europa.eu/themes/air/air-quality""}]"
DEBY053,Bayern,DE,2019-11-24T00:00:00.000Z,2019-11-24T01:00:00+01:00,pm25,17.98,µg/m³,49.44591,11.088444,"[{""name"":""EEA"",""url"":""http://www.eea.europa.eu/themes/air/air-quality""}]"
DEBY053,Bayern,DE,2019-11-23T02:00:00.000Z,2019-11-23T03:00:00+01:00,no2,0,µg/m³,49.44591,11.088444,"[{""name"":""EEA"",""url"":""http://www.eea.europa.eu/themes/air/air-quality""}]"
DEBY053,Bayern,DE,2019-11-23T02:00:00.000Z,2019-11-23T03:00:00+01:00,pm25,0,µg/m³,49.44591,11.088444,"[{""name"":""EEA"",""url"":""http://www.eea.europa.eu/themes/air/air-quality""}]"
DEBY053,Bayern,DE,2019-11-23T01:00:00.000Z,2019-11-23T02:00:00+01:00,pm25,10.85,µg/m³,49.44591,11.088444,"[{""name"":""EEA"",""url"":""http://www.eea.europa.eu/themes/air/air-quality""}]"
DEBY053,Bayern,DE,2019-11-23T01:00:00.000Z,2019-11-23T02:00:00+01:00,no2,23.65,µg/m³,49.44591,11.088444,"[{""name"":""EEA"",""url"":""http://www.eea.europa.eu/themes/air/air-quality""}]"
DEBY053,Bayern,DE,2019-11-23T00:00:00.000Z,2019-11-23T01:00:00+01:00,no2,41.14,µg/m³,49.44591,11.088444,"[{""name"":""EEA"",""url"":""http://www.eea.europa.eu/themes/air/air-quality""}]"
DEBY053,Bayern,DE,2019-11-23T00:00:00.000Z,2019-11-23T01:00:00+01:00,pm25,11.36,µg/m³,49.44591,11.088444,"[{""name"":""EEA"",""url"":""http://www.eea.europa.eu/themes/air/air-quality""}]"
DEBY053,Bayern,DE,2019-11-22T02:00:00.000Z,2019-11-22T03:00:00+01:00,pm25,0,µg/m³,49.44591,11.088444,"[{""name"":""EEA"",""url"":""http://www.eea.europa.eu/themes/air/air-quality""}]"
DEBY053,Bayern,DE,2019-11-22T02:00:00.000Z,2019-11-22T03:00:00+01:00,no2,0,µg/m³,49.44591,11.088444,"[{""name"":""EEA"",""url"":""http://www.eea.europa.eu/themes/air/air-quality""}]"
DEBY053,Bayern,DE,2019-11-22T01:00:00.000Z,2019-11-22T02:00:00+01:00,pm25,24.51,µg/m³,49.44591,11.088444,"[{""name"":""EEA"",""url"":""http://www.eea.europa.eu/themes/air/air-quality""}]"
DEBY053,Bayern,DE,2019-11-22T01:00:00.000Z,2019-11-22T02:00:00+01:00,no2,27.11,µg/m³,49.44591,11.088444,"[{""name"":""EEA"",""url"":""http://www.eea.europa.eu/themes/air/air-quality""}]"
DEBY053,Bayern,DE,2019-11-22T00:00:00.000Z,2019-11-22T01:00:00+01:00,no2,25.67,µg/m³,49.44591,11.088444,"[{""name"":""EEA"",""url"":""http://www.eea.europa.eu/themes/air/air-quality""}]"
DEBY053,Bayern,DE,2019-11-22T00:00:00.000Z,2019-11-22T01:00:00+01:00,pm25,29.08,µg/m³,49.44591,11.088444,"[{""name"":""EEA"",""url"":""http://www.eea.europa.eu/themes/air/air-quality""}]"
DEBY053,Bayern,DE,2019-11-21T02:00:00.000Z,2019-11-21T03:00:00+01:00,pm25,0,µg/m³,49.44591,11.088444,"[{""name"":""EEA"",""url"":""http://www.eea.europa.eu/themes/air/air-quality""}]"
DEBY053,Bayern,DE,2019-11-21T02:00:00.000Z,2019-11-21T03:00:00+01:00,no2,0,µg/m³,49.44591,11.088444,"[{""name"":""EEA"",""url"":""http://www.eea.europa.eu/themes/air/air-quality""}]"
DEBY053,Bayern,DE,2019-11-21T01:00:00.000Z,2019-11-21T02:00:00+01:00,pm25,0,µg/m³,49.44591,11.088444,"[{""name"":""EEA"",""url"":""http://www.eea.europa.eu/themes/air/air-quality""}]"
DEBY053,Bayern,DE,2019-11-21T01:00:00.000Z,2019-11-21T02:00:00+01:00,no2,0,µg/m³,49.44591,11.088444,"[{""name"":""EEA"",""url"":""http://www.eea.europa.eu/themes/air/air-quality""}]"
DEBY053,Bayern,DE,2019-11-21T00:00:00.000Z,2019-11-21T01:00:00+01:00,pm25,15.37,µg/m³,49.44591,11.088444,"[{""name"":""EEA"",""url"":""http://www.eea.europa.eu/themes/air/air-quality""}]"
DEBY053,Bayern,DE,2019-11-21T00:00:00.000Z,2019-11-21T01:00:00+01:00,no2,29.7,µg/m³,49.44591,11.088444,"[{""name"":""EEA"",""url"":""http://www.eea.europa.eu/themes/air/air-quality""}]"
DEBY053,Bayern,DE,2019-11-20T02:00:00.000Z,2019-11-20T03:00:00+01:00,pm25,0,µg/m³,49.44591,11.088444,"[{""name"":""EEA"",""url"":""http://www.eea.europa.eu/themes/air/air-quality""}]"
DEBY053,Bayern,DE,2019-11-20T02:00:00.000Z,2019-11-20T03:00:00+01:00,no2,0,µg/m³,49.44591,11.088444,"[{""name"":""EEA"",""url"":""http://www.eea.europa.eu/themes/air/air-quality""}]"
DEBY053,Bayern,DE,2019-11-20T01:00:00.000Z,2019-11-20T02:00:00+01:00,pm25,11.11,µg/m³,49.44591,11.088444,"[{""name"":""EEA"",""url"":""http://www.eea.europa.eu/themes/air/air-quality""}]"
DEBY053,Bayern,DE,2019-11-20T01:00:00.000Z,2019-11-20T02:00:00+01:00,no2,15.61,µg/m³,49.44591,11.088444,"[{""name"":""EEA"",""url"":""http://www.eea.europa.eu/themes/air/air-quality""}]"
